"pear_id","tree_id","ecotr_id","species","climate","time","quality"
1,1,1,"Conference","Scenario 1",5,3.693859920748
2,1,1,"Conference","Scenario 1",5,4.09453962439424
3,1,1,"Conference","Scenario 1",5,3.51464904880419
4,1,1,"Conference","Scenario 1",5,3.55667159443522
5,1,1,"Conference","Scenario 1",5,4.0196083666123
6,1,1,"Conference","Scenario 1",5,4.07480906618613
7,1,1,"Conference","Scenario 1",5,4.05100175880492
8,1,1,"Conference","Scenario 1",5,4.11622462335232
9,1,1,"Conference","Scenario 1",5,3.54514020148667
10,1,1,"Conference","Scenario 1",5,3.93390652998546
11,1,1,"Conference","Scenario 1",5,3.98479031691725
12,1,1,"Conference","Scenario 1",5,4.21048075382252
13,1,1,"Conference","Scenario 1",5,3.90124414840506
14,1,1,"Conference","Scenario 1",5,2.75290924189576
15,1,1,"Conference","Scenario 1",5,3.72434903115488
16,1,1,"Conference","Scenario 1",5,3.87657556527161
17,1,1,"Conference","Scenario 1",5,3.90730063773078
18,1,1,"Conference","Scenario 1",5,4.38229895414623
19,1,1,"Conference","Scenario 1",5,4.40699478154842
20,1,1,"Conference","Scenario 1",5,4.02347727740756
21,1,1,"Conference","Scenario 1",5,3.61888255072824
22,1,1,"Conference","Scenario 1",5,4.39133628723789
23,1,1,"Conference","Scenario 1",5,3.93375271177116
24,1,1,"Conference","Scenario 1",5,3.60744058999344
25,2,1,"Doyenne","Scenario 1",5,3.54825268136904
26,2,1,"Doyenne","Scenario 1",5,3.19746302928624
27,2,1,"Doyenne","Scenario 1",5,3.08927756533742
28,2,1,"Doyenne","Scenario 1",5,2.89143033872198
29,2,1,"Doyenne","Scenario 1",5,2.94500808643362
30,2,1,"Doyenne","Scenario 1",5,3.57979648787106
31,2,1,"Doyenne","Scenario 1",5,3.23864469571188
32,2,1,"Doyenne","Scenario 1",5,3.14286633618185
33,2,1,"Doyenne","Scenario 1",5,3.34213147459904
34,2,1,"Doyenne","Scenario 1",5,3.18758069861635
35,2,1,"Doyenne","Scenario 1",5,2.79309729731766
36,2,1,"Doyenne","Scenario 1",5,3.65670860410106
37,2,1,"Doyenne","Scenario 1",5,3.39620541606996
38,2,1,"Doyenne","Scenario 1",5,2.89372160616034
39,2,1,"Doyenne","Scenario 1",5,2.93266446255501
40,2,1,"Doyenne","Scenario 1",5,3.42486373308115
41,2,1,"Doyenne","Scenario 1",5,3.17575716131571
42,2,1,"Doyenne","Scenario 1",5,3.01642464395717
43,2,1,"Doyenne","Scenario 1",5,3.33620990448428
44,2,1,"Doyenne","Scenario 1",5,3.21236910008218
45,2,1,"Doyenne","Scenario 1",5,3.02488142268087
46,2,1,"Doyenne","Scenario 1",5,3.65350693070542
47,2,1,"Doyenne","Scenario 1",5,3.33439349208203
48,2,1,"Doyenne","Scenario 1",5,3.00424709678521
49,2,1,"Doyenne","Scenario 1",5,2.92441822254326
50,3,2,"Conference","Scenario 2",5,4.39648633177912
51,3,2,"Conference","Scenario 2",5,4.40908613389273
52,3,2,"Conference","Scenario 2",5,4.23756061868495
53,3,2,"Conference","Scenario 2",5,3.69042579411071
54,3,2,"Conference","Scenario 2",5,4.89950803171341
55,3,2,"Conference","Scenario 2",5,4.09909083940835
56,3,2,"Conference","Scenario 2",5,4.03459755113852
57,3,2,"Conference","Scenario 2",5,4.10185696252803
58,3,2,"Conference","Scenario 2",5,4.34525998356887
59,3,2,"Conference","Scenario 2",5,4.43398094765838
60,3,2,"Conference","Scenario 2",5,3.63540441940459
61,3,2,"Conference","Scenario 2",5,4.00384985203017
62,3,2,"Conference","Scenario 2",5,4.37187381135515
63,3,2,"Conference","Scenario 2",5,4.70944944341763
64,3,2,"Conference","Scenario 2",5,4.10952909099738
65,3,2,"Conference","Scenario 2",5,3.70218499962033
66,3,2,"Conference","Scenario 2",5,4.27616547327282
67,3,2,"Conference","Scenario 2",5,3.8390178790814
68,3,2,"Conference","Scenario 2",5,3.66670831318816
69,3,2,"Conference","Scenario 2",5,4.31689896837087
70,3,2,"Conference","Scenario 2",5,4.54967132292539
71,4,2,"Doyenne","Scenario 2",5,3.8863279432149
72,4,2,"Doyenne","Scenario 2",5,3.70940970312784
73,4,2,"Doyenne","Scenario 2",5,4.02788831884315
74,4,2,"Doyenne","Scenario 2",5,3.29504153350701
75,4,2,"Doyenne","Scenario 2",5,3.59984423083323
76,4,2,"Doyenne","Scenario 2",5,3.1356573272107
77,4,2,"Doyenne","Scenario 2",5,3.57546673212356
78,4,2,"Doyenne","Scenario 2",5,4.00678217127542
79,4,2,"Doyenne","Scenario 2",5,3.41393227278206
80,4,2,"Doyenne","Scenario 2",5,3.13817849565909
81,4,2,"Doyenne","Scenario 2",5,3.28449286287742
82,4,2,"Doyenne","Scenario 2",5,3.43550625167775
83,4,2,"Doyenne","Scenario 2",5,3.43165376733388
84,4,2,"Doyenne","Scenario 2",5,3.59565473054509
85,4,2,"Doyenne","Scenario 2",5,3.40807451359344
86,4,2,"Doyenne","Scenario 2",5,3.24979355969169
87,4,2,"Doyenne","Scenario 2",5,3.32463609193052
88,4,2,"Doyenne","Scenario 2",5,3.62867524230981
89,4,2,"Doyenne","Scenario 2",5,3.19680955815652
90,4,2,"Doyenne","Scenario 2",5,3.22741319711229
91,4,2,"Doyenne","Scenario 2",5,3.91170973946558
92,4,2,"Doyenne","Scenario 2",5,3.82588208037384
93,5,3,"Conference","Scenario 3",5,3.63452820564512
94,5,3,"Conference","Scenario 3",5,4.07759750320776
95,5,3,"Conference","Scenario 3",5,3.6118444693076
96,5,3,"Conference","Scenario 3",5,3.82694891758367
97,5,3,"Conference","Scenario 3",5,3.81783983975925
98,5,3,"Conference","Scenario 3",5,3.59483671322041
99,5,3,"Conference","Scenario 3",5,4.58115146261579
100,5,3,"Conference","Scenario 3",5,3.98210578103464
101,5,3,"Conference","Scenario 3",5,4.68885462304148
102,5,3,"Conference","Scenario 3",5,4.17730770622473
103,5,3,"Conference","Scenario 3",5,4.04531062871478
104,5,3,"Conference","Scenario 3",5,4.21888268429494
105,5,3,"Conference","Scenario 3",5,4.13706878558222
106,5,3,"Conference","Scenario 3",5,3.51290813462578
107,5,3,"Conference","Scenario 3",5,3.99937227670415
108,5,3,"Conference","Scenario 3",5,4.12093143010021
109,5,3,"Conference","Scenario 3",5,3.60876320643594
110,5,3,"Conference","Scenario 3",5,4.35924327956965
111,5,3,"Conference","Scenario 3",5,3.65616302103193
112,5,3,"Conference","Scenario 3",5,4.39591426197703
113,5,3,"Conference","Scenario 3",5,4.28531445800489
114,5,3,"Conference","Scenario 3",5,3.92125042118714
115,5,3,"Conference","Scenario 3",5,3.40618218282991
116,5,3,"Conference","Scenario 3",5,4.16146669276375
117,5,3,"Conference","Scenario 3",5,3.90898399749581
118,5,3,"Conference","Scenario 3",5,3.7868504854816
119,5,3,"Conference","Scenario 3",5,4.15407666078326
120,5,3,"Conference","Scenario 3",5,4.08001663298696
121,6,3,"Doyenne","Scenario 3",5,3.2411984548178
122,6,3,"Doyenne","Scenario 3",5,2.85648674050908
123,6,3,"Doyenne","Scenario 3",5,3.24866729849076
124,6,3,"Doyenne","Scenario 3",5,2.91731594629823
125,6,3,"Doyenne","Scenario 3",5,3.102858868201
126,6,3,"Doyenne","Scenario 3",5,3.66569652849502
127,6,3,"Doyenne","Scenario 3",5,3.80228117873547
128,6,3,"Doyenne","Scenario 3",5,3.61356470569773
129,6,3,"Doyenne","Scenario 3",5,3.25714401511487
130,6,3,"Doyenne","Scenario 3",5,3.70490558026242
131,6,3,"Doyenne","Scenario 3",5,3.70032459850762
132,6,3,"Doyenne","Scenario 3",5,3.50008809457967
133,6,3,"Doyenne","Scenario 3",5,3.58713560845103
134,6,3,"Doyenne","Scenario 3",5,3.28752690920995
135,6,3,"Doyenne","Scenario 3",5,3.07201714035617
136,6,3,"Doyenne","Scenario 3",5,4.01620446239476
137,6,3,"Doyenne","Scenario 3",5,3.36124929874482
138,6,3,"Doyenne","Scenario 3",5,3.31166437444954
139,6,3,"Doyenne","Scenario 3",5,3.20678958486123
140,6,3,"Doyenne","Scenario 3",5,3.02974057498443
141,6,3,"Doyenne","Scenario 3",5,2.68303631634132
142,6,3,"Doyenne","Scenario 3",5,3.19003171659351
143,7,4,"Conference","Scenario 4",5,3.59856616149738
144,7,4,"Conference","Scenario 4",5,3.69857784448082
145,7,4,"Conference","Scenario 4",5,3.69936895885401
146,7,4,"Conference","Scenario 4",5,3.7395328689632
147,7,4,"Conference","Scenario 4",5,3.6289855263543
148,7,4,"Conference","Scenario 4",5,3.42852262346927
149,7,4,"Conference","Scenario 4",5,3.83941816325035
150,7,4,"Conference","Scenario 4",5,3.85739872198941
151,7,4,"Conference","Scenario 4",5,3.80931588972462
152,7,4,"Conference","Scenario 4",5,3.89535520543476
153,7,4,"Conference","Scenario 4",5,4.12105282294293
154,7,4,"Conference","Scenario 4",5,3.74245778829526
155,7,4,"Conference","Scenario 4",5,4.11568853177424
156,7,4,"Conference","Scenario 4",5,3.71433634532958
157,7,4,"Conference","Scenario 4",5,4.12498300937649
158,7,4,"Conference","Scenario 4",5,4.29221184237304
159,7,4,"Conference","Scenario 4",5,4.01970327241246
160,7,4,"Conference","Scenario 4",5,4.14317303606258
161,7,4,"Conference","Scenario 4",5,4.25986512930968
162,7,4,"Conference","Scenario 4",5,3.88473054511464
163,7,4,"Conference","Scenario 4",5,3.68951040541635
164,7,4,"Conference","Scenario 4",5,3.71638717299983
165,7,4,"Conference","Scenario 4",5,3.67132226755695
166,7,4,"Conference","Scenario 4",5,3.92539952059168
167,7,4,"Conference","Scenario 4",5,3.46233932279554
168,7,4,"Conference","Scenario 4",5,4.00469095033347
169,7,4,"Conference","Scenario 4",5,4.02619002657505
170,7,4,"Conference","Scenario 4",5,3.6416036463625
171,8,4,"Doyenne","Scenario 4",5,3.35338016610351
172,8,4,"Doyenne","Scenario 4",5,3.18439999590114
173,8,4,"Doyenne","Scenario 4",5,2.48275181464533
174,8,4,"Doyenne","Scenario 4",5,3.03663524576268
175,8,4,"Doyenne","Scenario 4",5,2.78023992332968
176,8,4,"Doyenne","Scenario 4",5,2.84921970253757
177,8,4,"Doyenne","Scenario 4",5,3.6203920020566
178,8,4,"Doyenne","Scenario 4",5,3.64673057494862
179,8,4,"Doyenne","Scenario 4",5,3.15141772512112
180,8,4,"Doyenne","Scenario 4",5,2.76229685904741
181,8,4,"Doyenne","Scenario 4",5,3.11833193592066
182,8,4,"Doyenne","Scenario 4",5,3.63545165634266
183,8,4,"Doyenne","Scenario 4",5,3.14157739945447
184,8,4,"Doyenne","Scenario 4",5,3.5528171009993
185,8,4,"Doyenne","Scenario 4",5,3.50457299637963
186,8,4,"Doyenne","Scenario 4",5,2.75013091631872
187,8,4,"Doyenne","Scenario 4",5,3.1224221930877
188,8,4,"Doyenne","Scenario 4",5,3.08935028224186
189,8,4,"Doyenne","Scenario 4",5,3.03660234351746
190,8,4,"Doyenne","Scenario 4",5,3.19192882414637
191,8,4,"Doyenne","Scenario 4",5,2.86552306429975
192,8,4,"Doyenne","Scenario 4",5,2.74582949908284
1,1,1,"Conference","Scenario 1",6,3.94258959174105
2,1,1,"Conference","Scenario 1",6,4.30384360408262
3,1,1,"Conference","Scenario 1",6,4.09279931810386
4,1,1,"Conference","Scenario 1",6,4.1241751433229
5,1,1,"Conference","Scenario 1",6,4.25715185217653
6,1,1,"Conference","Scenario 1",6,4.07808978898652
7,1,1,"Conference","Scenario 1",6,4.18183262461895
8,1,1,"Conference","Scenario 1",6,4.44589987139977
9,1,1,"Conference","Scenario 1",6,3.906564654527
10,1,1,"Conference","Scenario 1",6,4.44085852223806
11,1,1,"Conference","Scenario 1",6,4.9481098681877
12,1,1,"Conference","Scenario 1",6,4.36919764511815
13,1,1,"Conference","Scenario 1",6,4.18785773663584
14,1,1,"Conference","Scenario 1",6,4.10444226488458
15,1,1,"Conference","Scenario 1",6,4.26464738824871
16,1,1,"Conference","Scenario 1",6,4.72751180109834
17,1,1,"Conference","Scenario 1",6,4.74595294094203
18,1,1,"Conference","Scenario 1",6,4.5945892061099
19,1,1,"Conference","Scenario 1",6,4.49589042535835
20,1,1,"Conference","Scenario 1",6,4.92198472832295
21,1,1,"Conference","Scenario 1",6,4.37569482720813
22,1,1,"Conference","Scenario 1",6,4.48338610991915
23,1,1,"Conference","Scenario 1",6,4.04185106552893
24,1,1,"Conference","Scenario 1",6,4.3946776574324
25,2,1,"Doyenne","Scenario 1",6,3.56591133096713
26,2,1,"Doyenne","Scenario 1",6,3.79080292604201
27,2,1,"Doyenne","Scenario 1",6,3.69895623168744
28,2,1,"Doyenne","Scenario 1",6,2.92781757246927
29,2,1,"Doyenne","Scenario 1",6,4.06869570773168
30,2,1,"Doyenne","Scenario 1",6,3.82580661121532
31,2,1,"Doyenne","Scenario 1",6,3.57712614214778
32,2,1,"Doyenne","Scenario 1",6,3.2731421829027
33,2,1,"Doyenne","Scenario 1",6,3.6867093843474
34,2,1,"Doyenne","Scenario 1",6,3.24914771587228
35,2,1,"Doyenne","Scenario 1",6,3.55544063883618
36,2,1,"Doyenne","Scenario 1",6,4.26972809030612
37,2,1,"Doyenne","Scenario 1",6,3.42225900909216
38,2,1,"Doyenne","Scenario 1",6,3.81497560860601
39,2,1,"Doyenne","Scenario 1",6,3.2028271082337
40,2,1,"Doyenne","Scenario 1",6,3.60091079389881
41,2,1,"Doyenne","Scenario 1",6,3.5595280692601
42,2,1,"Doyenne","Scenario 1",6,3.58473959746444
43,2,1,"Doyenne","Scenario 1",6,3.38932994194292
44,2,1,"Doyenne","Scenario 1",6,3.3399393680756
45,2,1,"Doyenne","Scenario 1",6,3.04438556673309
46,2,1,"Doyenne","Scenario 1",6,3.77350749364618
47,2,1,"Doyenne","Scenario 1",6,3.51914131638331
48,2,1,"Doyenne","Scenario 1",6,3.67186339377123
49,2,1,"Doyenne","Scenario 1",6,3.35813574122653
50,3,2,"Conference","Scenario 2",6,4.55514001997424
51,3,2,"Conference","Scenario 2",6,4.45514118691573
52,3,2,"Conference","Scenario 2",6,4.63732861170291
53,3,2,"Conference","Scenario 2",6,4.68281180758266
54,3,2,"Conference","Scenario 2",6,5.02144548007042
55,3,2,"Conference","Scenario 2",6,5.04105908445943
56,3,2,"Conference","Scenario 2",6,4.56989044059424
57,3,2,"Conference","Scenario 2",6,4.24912845955734
58,3,2,"Conference","Scenario 2",6,4.44872831490987
59,3,2,"Conference","Scenario 2",6,4.58225888874078
60,3,2,"Conference","Scenario 2",6,4.45993245878595
61,3,2,"Conference","Scenario 2",6,5.05428860959015
62,3,2,"Conference","Scenario 2",6,4.62539409040636
63,3,2,"Conference","Scenario 2",6,4.75486895024266
64,3,2,"Conference","Scenario 2",6,4.81861582511525
65,3,2,"Conference","Scenario 2",6,4.51128314834608
66,3,2,"Conference","Scenario 2",6,4.60049495729654
67,3,2,"Conference","Scenario 2",6,4.45950759323442
68,3,2,"Conference","Scenario 2",6,4.35138318051273
69,3,2,"Conference","Scenario 2",6,4.47042161716203
70,3,2,"Conference","Scenario 2",6,4.93331931386286
71,4,2,"Doyenne","Scenario 2",6,4.21541361245202
72,4,2,"Doyenne","Scenario 2",6,4.00127600990852
73,4,2,"Doyenne","Scenario 2",6,4.19557506491318
74,4,2,"Doyenne","Scenario 2",6,3.50906559483371
75,4,2,"Doyenne","Scenario 2",6,3.7473263239133
76,4,2,"Doyenne","Scenario 2",6,3.7853796351738
77,4,2,"Doyenne","Scenario 2",6,3.77633774784291
78,4,2,"Doyenne","Scenario 2",6,4.22431685657343
79,4,2,"Doyenne","Scenario 2",6,3.46208441022213
80,4,2,"Doyenne","Scenario 2",6,3.18404732953094
81,4,2,"Doyenne","Scenario 2",6,3.81110178696075
82,4,2,"Doyenne","Scenario 2",6,3.64660262000888
83,4,2,"Doyenne","Scenario 2",6,3.86602850384757
84,4,2,"Doyenne","Scenario 2",6,4.58459360612328
85,4,2,"Doyenne","Scenario 2",6,4.12015592223853
86,4,2,"Doyenne","Scenario 2",6,3.78039150139415
87,4,2,"Doyenne","Scenario 2",6,3.95002743549359
88,4,2,"Doyenne","Scenario 2",6,3.75070590285098
89,4,2,"Doyenne","Scenario 2",6,3.41727687491549
90,4,2,"Doyenne","Scenario 2",6,3.56982449622388
91,4,2,"Doyenne","Scenario 2",6,4.16279080391501
92,4,2,"Doyenne","Scenario 2",6,3.87309148006297
93,5,3,"Conference","Scenario 3",6,4.10765966889653
94,5,3,"Conference","Scenario 3",6,4.26447297421627
95,5,3,"Conference","Scenario 3",6,4.30378814472914
96,5,3,"Conference","Scenario 3",6,4.21818707305564
97,5,3,"Conference","Scenario 3",6,4.49294846777165
98,5,3,"Conference","Scenario 3",6,4.3347597178995
99,5,3,"Conference","Scenario 3",6,4.7475322323846
100,5,3,"Conference","Scenario 3",6,4.04197216859467
101,5,3,"Conference","Scenario 3",6,4.75120523599496
102,5,3,"Conference","Scenario 3",6,4.37449750039918
103,5,3,"Conference","Scenario 3",6,4.25245514495275
104,5,3,"Conference","Scenario 3",6,4.29240911215611
105,5,3,"Conference","Scenario 3",6,4.18474692140774
106,5,3,"Conference","Scenario 3",6,4.71214314573914
107,5,3,"Conference","Scenario 3",6,4.14384733220288
108,5,3,"Conference","Scenario 3",6,4.1387028021468
109,5,3,"Conference","Scenario 3",6,4.07355905732866
110,5,3,"Conference","Scenario 3",6,4.62576846815494
111,5,3,"Conference","Scenario 3",6,4.55349619455026
112,5,3,"Conference","Scenario 3",6,4.67619944003906
113,5,3,"Conference","Scenario 3",6,4.48752195425525
114,5,3,"Conference","Scenario 3",6,4.14518374190252
115,5,3,"Conference","Scenario 3",6,3.98941186333277
116,5,3,"Conference","Scenario 3",6,4.24537897897271
117,5,3,"Conference","Scenario 3",6,4.40196649751006
118,5,3,"Conference","Scenario 3",6,3.95972935747832
119,5,3,"Conference","Scenario 3",6,4.19887208251696
120,5,3,"Conference","Scenario 3",6,4.60161603416722
121,6,3,"Doyenne","Scenario 3",6,3.5107096878224
122,6,3,"Doyenne","Scenario 3",6,3.78013515219713
123,6,3,"Doyenne","Scenario 3",6,3.52973367937715
124,6,3,"Doyenne","Scenario 3",6,3.43722436938539
125,6,3,"Doyenne","Scenario 3",6,3.39073722851722
126,6,3,"Doyenne","Scenario 3",6,3.75240063462642
127,6,3,"Doyenne","Scenario 3",6,3.81093726480186
128,6,3,"Doyenne","Scenario 3",6,3.85799607986648
129,6,3,"Doyenne","Scenario 3",6,3.27245212281172
130,6,3,"Doyenne","Scenario 3",6,3.78038049084018
131,6,3,"Doyenne","Scenario 3",6,3.75274176052086
132,6,3,"Doyenne","Scenario 3",6,3.57238750926813
133,6,3,"Doyenne","Scenario 3",6,3.71864552658412
134,6,3,"Doyenne","Scenario 3",6,3.56204117498721
135,6,3,"Doyenne","Scenario 3",6,3.79854266245503
136,6,3,"Doyenne","Scenario 3",6,4.04211791687972
137,6,3,"Doyenne","Scenario 3",6,3.61909787897637
138,6,3,"Doyenne","Scenario 3",6,3.84821164202667
139,6,3,"Doyenne","Scenario 3",6,3.72008349231159
140,6,3,"Doyenne","Scenario 3",6,3.46840007234245
141,6,3,"Doyenne","Scenario 3",6,3.6555685175968
142,6,3,"Doyenne","Scenario 3",6,3.81080454731848
143,7,4,"Conference","Scenario 4",6,4.38068744034676
144,7,4,"Conference","Scenario 4",6,3.7767057620749
145,7,4,"Conference","Scenario 4",6,4.24015995178208
146,7,4,"Conference","Scenario 4",6,4.20088229245694
147,7,4,"Conference","Scenario 4",6,3.81555616066657
148,7,4,"Conference","Scenario 4",6,3.87631021294059
149,7,4,"Conference","Scenario 4",6,4.14444779299515
150,7,4,"Conference","Scenario 4",6,4.20741488528637
151,7,4,"Conference","Scenario 4",6,4.01667600274836
152,7,4,"Conference","Scenario 4",6,3.95525754014637
153,7,4,"Conference","Scenario 4",6,4.22605621056403
154,7,4,"Conference","Scenario 4",6,4.5511698324965
155,7,4,"Conference","Scenario 4",6,4.40669552707356
156,7,4,"Conference","Scenario 4",6,4.2626821396774
157,7,4,"Conference","Scenario 4",6,4.17307175652425
158,7,4,"Conference","Scenario 4",6,4.39072102415309
159,7,4,"Conference","Scenario 4",6,4.43165790433933
160,7,4,"Conference","Scenario 4",6,4.28166150372742
161,7,4,"Conference","Scenario 4",6,4.39062633750543
162,7,4,"Conference","Scenario 4",6,4.72008438844389
163,7,4,"Conference","Scenario 4",6,4.74728994117231
164,7,4,"Conference","Scenario 4",6,3.91589934529766
165,7,4,"Conference","Scenario 4",6,4.15128485686941
166,7,4,"Conference","Scenario 4",6,4.13749709966046
167,7,4,"Conference","Scenario 4",6,3.78877752826386
168,7,4,"Conference","Scenario 4",6,4.33606122942573
169,7,4,"Conference","Scenario 4",6,4.04775280140106
170,7,4,"Conference","Scenario 4",6,3.96541792257526
171,8,4,"Doyenne","Scenario 4",6,3.75041432600587
172,8,4,"Doyenne","Scenario 4",6,3.5227881628616
173,8,4,"Doyenne","Scenario 4",6,3.15688807925213
174,8,4,"Doyenne","Scenario 4",6,3.22270246319281
175,8,4,"Doyenne","Scenario 4",6,3.30395726987447
176,8,4,"Doyenne","Scenario 4",6,3.37713220165437
177,8,4,"Doyenne","Scenario 4",6,3.74550239775162
178,8,4,"Doyenne","Scenario 4",6,3.94290163887479
179,8,4,"Doyenne","Scenario 4",6,3.41635874469171
180,8,4,"Doyenne","Scenario 4",6,3.38124462638906
181,8,4,"Doyenne","Scenario 4",6,3.41322244631924
182,8,4,"Doyenne","Scenario 4",6,3.64584057624065
183,8,4,"Doyenne","Scenario 4",6,3.28897967554494
184,8,4,"Doyenne","Scenario 4",6,3.62214727870424
185,8,4,"Doyenne","Scenario 4",6,3.61464722037405
186,8,4,"Doyenne","Scenario 4",6,3.33525092598793
187,8,4,"Doyenne","Scenario 4",6,3.60050941500632
188,8,4,"Doyenne","Scenario 4",6,3.24456171485495
189,8,4,"Doyenne","Scenario 4",6,3.27063552185989
190,8,4,"Doyenne","Scenario 4",6,3.31327557544267
191,8,4,"Doyenne","Scenario 4",6,3.39407273567348
192,8,4,"Doyenne","Scenario 4",6,3.50798637495233
1,1,1,"Conference","Scenario 1",7,4.58782395058055
2,1,1,"Conference","Scenario 1",7,4.66470614293258
3,1,1,"Conference","Scenario 1",7,4.47252057500342
4,1,1,"Conference","Scenario 1",7,4.60821167077048
5,1,1,"Conference","Scenario 1",7,4.70148379035866
6,1,1,"Conference","Scenario 1",7,4.08137051178692
7,1,1,"Conference","Scenario 1",7,4.49659257512293
8,1,1,"Conference","Scenario 1",7,4.77557511944723
9,1,1,"Conference","Scenario 1",7,4.46385343372896
10,1,1,"Conference","Scenario 1",7,4.53180818047662
11,1,1,"Conference","Scenario 1",7,5.18315748329759
12,1,1,"Conference","Scenario 1",7,4.69468759063449
13,1,1,"Conference","Scenario 1",7,4.57717158217047
14,1,1,"Conference","Scenario 1",7,4.29136518948897
15,1,1,"Conference","Scenario 1",7,4.61996446589903
16,1,1,"Conference","Scenario 1",7,4.97795981337836
17,1,1,"Conference","Scenario 1",7,4.98600404467391
18,1,1,"Conference","Scenario 1",7,4.80687945807357
19,1,1,"Conference","Scenario 1",7,4.58478606916827
20,1,1,"Conference","Scenario 1",7,4.96065471485602
21,1,1,"Conference","Scenario 1",7,4.43133136746687
22,1,1,"Conference","Scenario 1",7,4.57543593260041
23,1,1,"Conference","Scenario 1",7,4.1499494192867
24,1,1,"Conference","Scenario 1",7,4.73471745573056
25,2,1,"Doyenne","Scenario 1",7,3.58356998056521
26,2,1,"Doyenne","Scenario 1",7,4.24033523472863
27,2,1,"Doyenne","Scenario 1",7,3.80793078470666
28,2,1,"Doyenne","Scenario 1",7,3.93910854113373
29,2,1,"Doyenne","Scenario 1",7,4.21276480297567
30,2,1,"Doyenne","Scenario 1",7,4.07181673455959
31,2,1,"Doyenne","Scenario 1",7,3.66249892331843
32,2,1,"Doyenne","Scenario 1",7,3.84771773420089
33,2,1,"Doyenne","Scenario 1",7,3.92042255402265
34,2,1,"Doyenne","Scenario 1",7,3.31071473312822
35,2,1,"Doyenne","Scenario 1",7,3.65677360181345
36,2,1,"Doyenne","Scenario 1",7,4.37623983253352
37,2,1,"Doyenne","Scenario 1",7,3.44831260211435
38,2,1,"Doyenne","Scenario 1",7,3.91194077217501
39,2,1,"Doyenne","Scenario 1",7,3.85821679396878
40,2,1,"Doyenne","Scenario 1",7,3.77695785471647
41,2,1,"Doyenne","Scenario 1",7,3.9432989772045
42,2,1,"Doyenne","Scenario 1",7,3.98358033450241
43,2,1,"Doyenne","Scenario 1",7,3.47382928168722
44,2,1,"Doyenne","Scenario 1",7,4.56271227235989
45,2,1,"Doyenne","Scenario 1",7,3.79003993049501
46,2,1,"Doyenne","Scenario 1",7,3.89350805658694
47,2,1,"Doyenne","Scenario 1",7,3.7038891406846
48,2,1,"Doyenne","Scenario 1",7,3.82686438232905
49,2,1,"Doyenne","Scenario 1",7,4.55591748441194
50,3,2,"Conference","Scenario 2",7,4.71379370816935
51,3,2,"Conference","Scenario 2",7,5.37487390830541
52,3,2,"Conference","Scenario 2",7,4.72289065499216
53,3,2,"Conference","Scenario 2",7,4.93495897675487
54,3,2,"Conference","Scenario 2",7,5.14338292842744
55,3,2,"Conference","Scenario 2",7,5.16117244845566
56,3,2,"Conference","Scenario 2",7,4.69190523391829
57,3,2,"Conference","Scenario 2",7,4.84002836882968
58,3,2,"Conference","Scenario 2",7,4.69439082791572
59,3,2,"Conference","Scenario 2",7,4.59276926112676
60,3,2,"Conference","Scenario 2",7,5.35572728959856
61,3,2,"Conference","Scenario 2",7,5.09641738411475
62,3,2,"Conference","Scenario 2",7,4.87891436945756
63,3,2,"Conference","Scenario 2",7,4.80028845706769
64,3,2,"Conference","Scenario 2",7,5.21739027804933
65,3,2,"Conference","Scenario 2",7,4.801143808227
66,3,2,"Conference","Scenario 2",7,5.45025043919799
67,3,2,"Conference","Scenario 2",7,5.11751221164578
68,3,2,"Conference","Scenario 2",7,4.81562565535091
69,3,2,"Conference","Scenario 2",7,4.93763983861299
70,3,2,"Conference","Scenario 2",7,5.06944242646569
71,4,2,"Doyenne","Scenario 2",7,4.54449928168915
72,4,2,"Doyenne","Scenario 2",7,4.33134954323095
73,4,2,"Doyenne","Scenario 2",7,4.36326181098321
74,4,2,"Doyenne","Scenario 2",7,4.28088056580318
75,4,2,"Doyenne","Scenario 2",7,3.89480841699337
76,4,2,"Doyenne","Scenario 2",7,3.82746789720403
77,4,2,"Doyenne","Scenario 2",7,4.51583570963547
78,4,2,"Doyenne","Scenario 2",7,4.35242392882043
79,4,2,"Doyenne","Scenario 2",7,4.37653071956053
80,4,2,"Doyenne","Scenario 2",7,4.22148770458135
81,4,2,"Doyenne","Scenario 2",7,4.2800535211843
82,4,2,"Doyenne","Scenario 2",7,3.8019675424049
83,4,2,"Doyenne","Scenario 2",7,3.95477526687889
84,4,2,"Doyenne","Scenario 2",7,4.74165636323091
85,4,2,"Doyenne","Scenario 2",7,4.40295794978077
86,4,2,"Doyenne","Scenario 2",7,4.39741410588187
87,4,2,"Doyenne","Scenario 2",7,3.96577781278118
88,4,2,"Doyenne","Scenario 2",7,4.1413074498413
89,4,2,"Doyenne","Scenario 2",7,3.95716757909828
90,4,2,"Doyenne","Scenario 2",7,4.16540508232656
91,4,2,"Doyenne","Scenario 2",7,4.41387186836444
92,4,2,"Doyenne","Scenario 2",7,3.92030087975211
93,5,3,"Conference","Scenario 3",7,4.75132590782198
94,5,3,"Conference","Scenario 3",7,4.47956459245774
95,5,3,"Conference","Scenario 3",7,4.51875973502258
96,5,3,"Conference","Scenario 3",7,4.82189396578336
97,5,3,"Conference","Scenario 3",7,4.58962139904564
98,5,3,"Conference","Scenario 3",7,4.76878479857203
99,5,3,"Conference","Scenario 3",7,4.91391300215341
100,5,3,"Conference","Scenario 3",7,4.08830908601494
101,5,3,"Conference","Scenario 3",7,4.81355584894844
102,5,3,"Conference","Scenario 3",7,4.73678392329507
103,5,3,"Conference","Scenario 3",7,4.64877787534648
104,5,3,"Conference","Scenario 3",7,4.36593554001727
105,5,3,"Conference","Scenario 3",7,4.65725408205223
106,5,3,"Conference","Scenario 3",7,4.99964267335267
107,5,3,"Conference","Scenario 3",7,4.8719633761393
108,5,3,"Conference","Scenario 3",7,4.33702418158672
109,5,3,"Conference","Scenario 3",7,4.51833792680944
110,5,3,"Conference","Scenario 3",7,4.89229365674023
111,5,3,"Conference","Scenario 3",7,4.81589084669805
112,5,3,"Conference","Scenario 3",7,4.73761709810888
113,5,3,"Conference","Scenario 3",7,4.68972945050561
114,5,3,"Conference","Scenario 3",7,4.36911706261791
115,5,3,"Conference","Scenario 3",7,4.34757048940447
116,5,3,"Conference","Scenario 3",7,4.78825903223576
117,5,3,"Conference","Scenario 3",7,4.6865473994791
118,5,3,"Conference","Scenario 3",7,4.51810755595608
119,5,3,"Conference","Scenario 3",7,4.24366750425066
120,5,3,"Conference","Scenario 3",7,4.84902913963643
121,6,3,"Doyenne","Scenario 3",7,4.63222571712191
122,6,3,"Doyenne","Scenario 3",7,4.06415693333949
123,6,3,"Doyenne","Scenario 3",7,3.81080006026353
124,6,3,"Doyenne","Scenario 3",7,3.48786547996172
125,6,3,"Doyenne","Scenario 3",7,3.78313253776335
126,6,3,"Doyenne","Scenario 3",7,3.83910474075781
127,6,3,"Doyenne","Scenario 3",7,3.81959335086824
128,6,3,"Doyenne","Scenario 3",7,4.15640206421764
129,6,3,"Doyenne","Scenario 3",7,3.86647150815958
130,6,3,"Doyenne","Scenario 3",7,3.85585540141795
131,6,3,"Doyenne","Scenario 3",7,3.8051589225341
132,6,3,"Doyenne","Scenario 3",7,3.63458421503272
133,6,3,"Doyenne","Scenario 3",7,4.06737748779085
134,6,3,"Doyenne","Scenario 3",7,3.57004632673776
135,6,3,"Doyenne","Scenario 3",7,3.9841666338426
136,6,3,"Doyenne","Scenario 3",7,4.06803137136468
137,6,3,"Doyenne","Scenario 3",7,3.97619268268583
138,6,3,"Doyenne","Scenario 3",7,3.85151925810778
139,6,3,"Doyenne","Scenario 3",7,3.89469898853167
140,6,3,"Doyenne","Scenario 3",7,3.85231582295932
141,6,3,"Doyenne","Scenario 3",7,3.78177593155288
142,6,3,"Doyenne","Scenario 3",7,3.91481235387809
143,7,4,"Conference","Scenario 4",7,4.55755600909975
144,7,4,"Conference","Scenario 4",7,4.19824550469615
145,7,4,"Conference","Scenario 4",7,4.24239769297503
146,7,4,"Conference","Scenario 4",7,4.66223171595068
147,7,4,"Conference","Scenario 4",7,3.95997600270236
148,7,4,"Conference","Scenario 4",7,4.04321088230298
149,7,4,"Conference","Scenario 4",7,4.29637066962108
150,7,4,"Conference","Scenario 4",7,4.35798086140692
151,7,4,"Conference","Scenario 4",7,4.2240361157721
152,7,4,"Conference","Scenario 4",7,4.58653369522406
153,7,4,"Conference","Scenario 4",7,4.33105959818514
154,7,4,"Conference","Scenario 4",7,4.63828935671099
155,7,4,"Conference","Scenario 4",7,4.69770252237289
156,7,4,"Conference","Scenario 4",7,4.64894380378194
157,7,4,"Conference","Scenario 4",7,4.22116050367201
158,7,4,"Conference","Scenario 4",7,4.48923020593315
159,7,4,"Conference","Scenario 4",7,4.84361253626621
160,7,4,"Conference","Scenario 4",7,4.38728245827297
161,7,4,"Conference","Scenario 4",7,4.44180059902008
162,7,4,"Conference","Scenario 4",7,4.9661953945263
163,7,4,"Conference","Scenario 4",7,4.8005989254981
164,7,4,"Conference","Scenario 4",7,4.54798838375919
165,7,4,"Conference","Scenario 4",7,4.2554501463512
166,7,4,"Conference","Scenario 4",7,4.34959467872923
167,7,4,"Conference","Scenario 4",7,4.55771769199744
168,7,4,"Conference","Scenario 4",7,4.46239773714742
169,7,4,"Conference","Scenario 4",7,4.06931557622707
170,7,4,"Conference","Scenario 4",7,4.13206998174729
171,8,4,"Doyenne","Scenario 4",7,4.14744848590823
172,8,4,"Doyenne","Scenario 4",7,3.93768749457823
173,8,4,"Doyenne","Scenario 4",7,3.63356264795013
174,8,4,"Doyenne","Scenario 4",7,3.30023824993401
175,8,4,"Doyenne","Scenario 4",7,3.53613962425845
176,8,4,"Doyenne","Scenario 4",7,3.64649431073874
177,8,4,"Doyenne","Scenario 4",7,3.87061279344664
178,8,4,"Doyenne","Scenario 4",7,4.23907270280097
179,8,4,"Doyenne","Scenario 4",7,3.55224537272884
180,8,4,"Doyenne","Scenario 4",7,3.95190995068403
181,8,4,"Doyenne","Scenario 4",7,3.68717778308813
182,8,4,"Doyenne","Scenario 4",7,3.65622949613864
183,8,4,"Doyenne","Scenario 4",7,4.10560062645438
184,8,4,"Doyenne","Scenario 4",7,4.17561183816411
185,8,4,"Doyenne","Scenario 4",7,3.72472144436848
186,8,4,"Doyenne","Scenario 4",7,3.57839306615268
187,8,4,"Doyenne","Scenario 4",7,4.07859663692494
188,8,4,"Doyenne","Scenario 4",7,3.39977314746804
189,8,4,"Doyenne","Scenario 4",7,3.6455408535781
190,8,4,"Doyenne","Scenario 4",7,3.78398782177374
191,8,4,"Doyenne","Scenario 4",7,3.56296435469436
192,8,4,"Doyenne","Scenario 4",7,3.79446314773568
1,1,1,"Conference","Scenario 1",8,4.99535315893461
2,1,1,"Conference","Scenario 1",8,5.20439277999293
3,1,1,"Conference","Scenario 1",8,4.74248073241453
4,1,1,"Conference","Scenario 1",8,4.8852556567373
5,1,1,"Conference","Scenario 1",8,4.8846265584624
6,1,1,"Conference","Scenario 1",8,4.63753668603026
7,1,1,"Conference","Scenario 1",8,4.85997019813
8,1,1,"Conference","Scenario 1",8,5.01785270108459
9,1,1,"Conference","Scenario 1",8,4.74511648324529
10,1,1,"Conference","Scenario 1",8,4.62275783871517
11,1,1,"Conference","Scenario 1",8,5.26432196921524
12,1,1,"Conference","Scenario 1",8,5.02017753615083
13,1,1,"Conference","Scenario 1",8,5.38671853543882
14,1,1,"Conference","Scenario 1",8,4.69397364434387
15,1,1,"Conference","Scenario 1",8,5.1216604605021
16,1,1,"Conference","Scenario 1",8,5.24284053820781
17,1,1,"Conference","Scenario 1",8,5.22605514840579
18,1,1,"Conference","Scenario 1",8,5.01916971003725
19,1,1,"Conference","Scenario 1",8,4.60057707055225
20,1,1,"Conference","Scenario 1",8,5.0209582659921
21,1,1,"Conference","Scenario 1",8,4.48696790772561
22,1,1,"Conference","Scenario 1",8,4.95737449332726
23,1,1,"Conference","Scenario 1",8,5.12772332657352
24,1,1,"Conference","Scenario 1",8,5.06341501484769
25,2,1,"Doyenne","Scenario 1",8,3.60122863016329
26,2,1,"Doyenne","Scenario 1",8,4.25172040820679
27,2,1,"Doyenne","Scenario 1",8,3.88976604270781
28,2,1,"Doyenne","Scenario 1",8,3.97312538336794
29,2,1,"Doyenne","Scenario 1",8,4.35683389821966
30,2,1,"Doyenne","Scenario 1",8,4.31782685790385
31,2,1,"Doyenne","Scenario 1",8,3.74787170448908
32,2,1,"Doyenne","Scenario 1",8,4.0601151563948
33,2,1,"Doyenne","Scenario 1",8,4.25674021390164
34,2,1,"Doyenne","Scenario 1",8,3.92742172305379
35,2,1,"Doyenne","Scenario 1",8,3.75810656479072
36,2,1,"Doyenne","Scenario 1",8,4.48275157476091
37,2,1,"Doyenne","Scenario 1",8,3.47436619513655
38,2,1,"Doyenne","Scenario 1",8,4.008905935744
39,2,1,"Doyenne","Scenario 1",8,4.12176982221532
40,2,1,"Doyenne","Scenario 1",8,3.95300491553413
41,2,1,"Doyenne","Scenario 1",8,4.12936006673872
42,2,1,"Doyenne","Scenario 1",8,4.51888227598772
43,2,1,"Doyenne","Scenario 1",8,3.72725396248268
44,2,1,"Doyenne","Scenario 1",8,4.56483607075392
45,2,1,"Doyenne","Scenario 1",8,3.9600469109773
46,2,1,"Doyenne","Scenario 1",8,4.0135086195277
47,2,1,"Doyenne","Scenario 1",8,3.84257326029237
48,2,1,"Doyenne","Scenario 1",8,3.98186537088687
49,2,1,"Doyenne","Scenario 1",8,4.67159113457037
50,3,2,"Conference","Scenario 2",8,4.94156605788205
51,3,2,"Conference","Scenario 2",8,5.52899218592984
52,3,2,"Conference","Scenario 2",8,5.18940180632806
53,3,2,"Conference","Scenario 2",8,5.22970287756522
54,3,2,"Conference","Scenario 2",8,5.26532037678445
55,3,2,"Conference","Scenario 2",8,5.73224117874871
56,3,2,"Conference","Scenario 2",8,4.98428354565431
57,3,2,"Conference","Scenario 2",8,5.58574340766478
58,3,2,"Conference","Scenario 2",8,5.32557167853601
59,3,2,"Conference","Scenario 2",8,4.60327963351273
60,3,2,"Conference","Scenario 2",8,6.03136829599482
61,3,2,"Conference","Scenario 2",8,5.89585417986829
62,3,2,"Conference","Scenario 2",8,5.38239306982504
63,3,2,"Conference","Scenario 2",8,4.96882495619361
64,3,2,"Conference","Scenario 2",8,5.83628322026275
65,3,2,"Conference","Scenario 2",8,5.12368640577346
66,3,2,"Conference","Scenario 2",8,5.90450151661805
67,3,2,"Conference","Scenario 2",8,5.19684687890079
68,3,2,"Conference","Scenario 2",8,5.11452463889012
69,3,2,"Conference","Scenario 2",8,5.73730376690167
70,3,2,"Conference","Scenario 2",8,5.20556553906851
71,4,2,"Doyenne","Scenario 2",8,4.59551989485034
72,4,2,"Doyenne","Scenario 2",8,4.51532523770329
73,4,2,"Doyenne","Scenario 2",8,4.53094855705324
74,4,2,"Doyenne","Scenario 2",8,4.32393841865092
75,4,2,"Doyenne","Scenario 2",8,4.08792885952898
76,4,2,"Doyenne","Scenario 2",8,4.79492181672718
77,4,2,"Doyenne","Scenario 2",8,4.52556899217123
78,4,2,"Doyenne","Scenario 2",8,4.58824233389505
79,4,2,"Doyenne","Scenario 2",8,4.41589021581884
80,4,2,"Doyenne","Scenario 2",8,4.24054970081635
81,4,2,"Doyenne","Scenario 2",8,4.67416672712325
82,4,2,"Doyenne","Scenario 2",8,4.14525783573855
83,4,2,"Doyenne","Scenario 2",8,4.04352202991021
84,4,2,"Doyenne","Scenario 2",8,4.89871912033854
85,4,2,"Doyenne","Scenario 2",8,4.68575997732301
86,4,2,"Doyenne","Scenario 2",8,4.60793051037058
87,4,2,"Doyenne","Scenario 2",8,4.22926586295979
88,4,2,"Doyenne","Scenario 2",8,4.53190899683162
89,4,2,"Doyenne","Scenario 2",8,4.49705828328107
90,4,2,"Doyenne","Scenario 2",8,4.44752534224217
91,4,2,"Doyenne","Scenario 2",8,4.66495293281387
92,4,2,"Doyenne","Scenario 2",8,3.96751027944125
93,5,3,"Conference","Scenario 3",8,4.99983083174119
94,5,3,"Conference","Scenario 3",8,4.834136161588
95,5,3,"Conference","Scenario 3",8,4.7208271590809
96,5,3,"Conference","Scenario 3",8,5.02035863026622
97,5,3,"Conference","Scenario 3",8,4.59522401777159
98,5,3,"Conference","Scenario 3",8,4.88521230196803
99,5,3,"Conference","Scenario 3",8,5.08029377192221
100,5,3,"Conference","Scenario 3",8,4.13579779610981
101,5,3,"Conference","Scenario 3",8,4.87590646190192
102,5,3,"Conference","Scenario 3",8,5.27779688140613
103,5,3,"Conference","Scenario 3",8,4.92698099508527
104,5,3,"Conference","Scenario 3",8,4.76061077741113
105,5,3,"Conference","Scenario 3",8,4.91850698026884
106,5,3,"Conference","Scenario 3",8,5.2871422009662
107,5,3,"Conference","Scenario 3",8,5.37490789174791
108,5,3,"Conference","Scenario 3",8,4.52997315207374
109,5,3,"Conference","Scenario 3",8,4.78618657020621
110,5,3,"Conference","Scenario 3",8,5.02655623711672
111,5,3,"Conference","Scenario 3",8,4.99021680728465
112,5,3,"Conference","Scenario 3",8,4.7990347561787
113,5,3,"Conference","Scenario 3",8,4.89193694675597
114,5,3,"Conference","Scenario 3",8,5.22574720683323
115,5,3,"Conference","Scenario 3",8,4.86228242486605
116,5,3,"Conference","Scenario 3",8,5.02993043075601
117,5,3,"Conference","Scenario 3",8,4.97112830144813
118,5,3,"Conference","Scenario 3",8,4.91708018886706
119,5,3,"Conference","Scenario 3",8,4.64720801066139
120,5,3,"Conference","Scenario 3",8,5.09644224510563
121,6,3,"Doyenne","Scenario 3",8,4.71034356216688
122,6,3,"Doyenne","Scenario 3",8,4.34817871448185
123,6,3,"Doyenne","Scenario 3",8,4.26907765252465
124,6,3,"Doyenne","Scenario 3",8,3.69399396921677
125,6,3,"Doyenne","Scenario 3",8,3.88152119424456
126,6,3,"Doyenne","Scenario 3",8,4.33772641954942
127,6,3,"Doyenne","Scenario 3",8,4.60428108321771
128,6,3,"Doyenne","Scenario 3",8,4.45480804856879
129,6,3,"Doyenne","Scenario 3",8,4.0603760850184
130,6,3,"Doyenne","Scenario 3",8,4.26687923759201
131,6,3,"Doyenne","Scenario 3",8,4.35200710936947
132,6,3,"Doyenne","Scenario 3",8,4.0080521167194
133,6,3,"Doyenne","Scenario 3",8,4.26408894130699
134,6,3,"Doyenne","Scenario 3",8,3.86790180836174
135,6,3,"Doyenne","Scenario 3",8,4.16979060523016
136,6,3,"Doyenne","Scenario 3",8,4.09394482584965
137,6,3,"Doyenne","Scenario 3",8,4.61605283766585
138,6,3,"Doyenne","Scenario 3",8,3.9862959241764
139,6,3,"Doyenne","Scenario 3",8,4.06822727638089
140,6,3,"Doyenne","Scenario 3",8,3.92667538044873
141,6,3,"Doyenne","Scenario 3",8,3.90798334550896
142,6,3,"Doyenne","Scenario 3",8,4.31709507517437
143,7,4,"Conference","Scenario 4",8,4.73442457785274
144,7,4,"Conference","Scenario 4",8,NA
145,7,4,"Conference","Scenario 4",8,4.73513021097269
146,7,4,"Conference","Scenario 4",8,4.76612998318303
147,7,4,"Conference","Scenario 4",8,4.77299878748543
148,7,4,"Conference","Scenario 4",8,4.5191327271542
149,7,4,"Conference","Scenario 4",8,4.88451424394032
150,7,4,"Conference","Scenario 4",8,4.7700056831075
151,7,4,"Conference","Scenario 4",8,5.04691250847022
152,7,4,"Conference","Scenario 4",8,4.62421394574467
153,7,4,"Conference","Scenario 4",8,4.39610179336485
154,7,4,"Conference","Scenario 4",8,4.72540888092549
155,7,4,"Conference","Scenario 4",8,NA
156,7,4,"Conference","Scenario 4",8,4.9476499029147
157,7,4,"Conference","Scenario 4",8,4.26924925081977
158,7,4,"Conference","Scenario 4",8,4.86046279592076
159,7,4,"Conference","Scenario 4",8,4.90542138989871
160,7,4,"Conference","Scenario 4",8,4.50911457026889
161,7,4,"Conference","Scenario 4",8,4.57385867186027
162,7,4,"Conference","Scenario 4",8,5.21230640060871
163,7,4,"Conference","Scenario 4",8,4.8539079098239
164,7,4,"Conference","Scenario 4",8,4.68453066910859
165,7,4,"Conference","Scenario 4",8,4.82362585381373
166,7,4,"Conference","Scenario 4",8,4.47270032031652
167,7,4,"Conference","Scenario 4",8,5.03486131194576
168,7,4,"Conference","Scenario 4",8,4.5887342448691
169,7,4,"Conference","Scenario 4",8,5.06680127072694
170,7,4,"Conference","Scenario 4",8,4.58648602415936
171,8,4,"Doyenne","Scenario 4",8,4.41922413580248
172,8,4,"Doyenne","Scenario 4",8,3.99438863247419
173,8,4,"Doyenne","Scenario 4",8,4.03383598798491
174,8,4,"Doyenne","Scenario 4",8,3.643288920618
175,8,4,"Doyenne","Scenario 4",8,4.07253539371801
176,8,4,"Doyenne","Scenario 4",8,3.75656327418906
177,8,4,"Doyenne","Scenario 4",8,3.99572318914166
178,8,4,"Doyenne","Scenario 4",8,4.30201618653964
179,8,4,"Doyenne","Scenario 4",8,4.02519599323568
180,8,4,"Doyenne","Scenario 4",8,3.99944756992804
181,8,4,"Doyenne","Scenario 4",8,4.56065770218446
182,8,4,"Doyenne","Scenario 4",8,4.30240441550834
183,8,4,"Doyenne","Scenario 4",8,4.3544512943213
184,8,4,"Doyenne","Scenario 4",8,4.37481187839022
185,8,4,"Doyenne","Scenario 4",8,3.8347956683629
186,8,4,"Doyenne","Scenario 4",8,3.82153520631743
187,8,4,"Doyenne","Scenario 4",8,4.35238658860331
188,8,4,"Doyenne","Scenario 4",8,3.80105591878853
189,8,4,"Doyenne","Scenario 4",8,3.78259552454377
190,8,4,"Doyenne","Scenario 4",8,4.07286959431846
191,8,4,"Doyenne","Scenario 4",8,3.73185597371525
192,8,4,"Doyenne","Scenario 4",8,3.96097124480798
1,1,1,"Conference","Scenario 1",9,5.51595171630024
2,1,1,"Conference","Scenario 1",9,5.83836458982129
3,1,1,"Conference","Scenario 1",9,5.01244088982563
4,1,1,"Conference","Scenario 1",9,5.12055801381136
5,1,1,"Conference","Scenario 1",9,5.37435109583068
6,1,1,"Conference","Scenario 1",9,5.59086123032015
7,1,1,"Conference","Scenario 1",9,5.0213861957337
8,1,1,"Conference","Scenario 1",9,NA
9,1,1,"Conference","Scenario 1",9,5.02637953276162
10,1,1,"Conference","Scenario 1",9,5.80475239533425
11,1,1,"Conference","Scenario 1",9,5.34548645513288
12,1,1,"Conference","Scenario 1",9,5.74635983813852
13,1,1,"Conference","Scenario 1",9,5.71749068400428
14,1,1,"Conference","Scenario 1",9,4.94774865442535
15,1,1,"Conference","Scenario 1",9,5.62335645510517
16,1,1,"Conference","Scenario 1",9,5.3792795226564
17,1,1,"Conference","Scenario 1",9,5.5005341038313
18,1,1,"Conference","Scenario 1",9,5.20536470308329
19,1,1,"Conference","Scenario 1",9,5.53535882489426
20,1,1,"Conference","Scenario 1",9,5.08126181712818
21,1,1,"Conference","Scenario 1",9,5.33513336325379
22,1,1,"Conference","Scenario 1",9,5.33931305405411
23,1,1,"Conference","Scenario 1",9,5.30304142994483
24,1,1,"Conference","Scenario 1",9,5.39211257396483
25,2,1,"Doyenne","Scenario 1",9,3.61888727976138
26,2,1,"Doyenne","Scenario 1",9,4.26310558168495
27,2,1,"Doyenne","Scenario 1",9,4.38681001093041
28,2,1,"Doyenne","Scenario 1",9,4.00714222560215
29,2,1,"Doyenne","Scenario 1",9,4.50090299346364
30,2,1,"Doyenne","Scenario 1",9,4.32246387548835
31,2,1,"Doyenne","Scenario 1",9,4.10427162098411
32,2,1,"Doyenne","Scenario 1",9,4.44343822034996
33,2,1,"Doyenne","Scenario 1",9,4.62492665399088
34,2,1,"Doyenne","Scenario 1",9,4.06946075377784
35,2,1,"Doyenne","Scenario 1",9,3.90473502378312
36,2,1,"Doyenne","Scenario 1",9,4.58926331698831
37,2,1,"Doyenne","Scenario 1",9,4.44466482246249
38,2,1,"Doyenne","Scenario 1",9,4.10587109931299
39,2,1,"Doyenne","Scenario 1",9,4.38532285046185
40,2,1,"Doyenne","Scenario 1",9,4.83044643639342
41,2,1,"Doyenne","Scenario 1",9,4.31542115627293
42,2,1,"Doyenne","Scenario 1",9,4.71439384628864
43,2,1,"Doyenne","Scenario 1",9,4.33664721631061
44,2,1,"Doyenne","Scenario 1",9,4.56695986914795
45,2,1,"Doyenne","Scenario 1",9,4.14761687394003
46,2,1,"Doyenne","Scenario 1",9,4.23267420394789
47,2,1,"Doyenne","Scenario 1",9,3.97984115796391
48,2,1,"Doyenne","Scenario 1",9,4.13686635944469
49,2,1,"Doyenne","Scenario 1",9,4.78726478472881
50,3,2,"Conference","Scenario 2",9,4.99251785774313
51,3,2,"Conference","Scenario 2",9,5.68311046355427
52,3,2,"Conference","Scenario 2",9,5.51247595283546
53,3,2,"Conference","Scenario 2",9,5.565904435139
54,3,2,"Conference","Scenario 2",9,5.50821342931255
55,3,2,"Conference","Scenario 2",9,5.89345612361776
56,3,2,"Conference","Scenario 2",9,5.36415954843501
57,3,2,"Conference","Scenario 2",9,5.72850712385229
58,3,2,"Conference","Scenario 2",9,5.72065372953313
59,3,2,"Conference","Scenario 2",9,5.1914805007689
60,3,2,"Conference","Scenario 2",9,6.14213783562158
61,3,2,"Conference","Scenario 2",9,6.26378978910416
62,3,2,"Conference","Scenario 2",9,5.47516099026693
63,3,2,"Conference","Scenario 2",9,5.21600715183421
64,3,2,"Conference","Scenario 2",9,6.41419704714508
65,3,2,"Conference","Scenario 2",9,5.37135122533021
66,3,2,"Conference","Scenario 2",9,5.9539311660593
67,3,2,"Conference","Scenario 2",9,5.43882343099576
68,3,2,"Conference","Scenario 2",9,5.41342362242933
69,3,2,"Conference","Scenario 2",9,6.04962569781753
70,3,2,"Conference","Scenario 2",9,5.5959590846846
71,4,2,"Doyenne","Scenario 2",9,4.64654050801153
72,4,2,"Doyenne","Scenario 2",9,4.67534770630261
73,4,2,"Doyenne","Scenario 2",9,4.69863530312326
74,4,2,"Doyenne","Scenario 2",9,4.65947726473405
75,4,2,"Doyenne","Scenario 2",9,4.28104930206458
76,4,2,"Doyenne","Scenario 2",9,4.97568073548443
77,4,2,"Doyenne","Scenario 2",9,4.89311703272865
78,4,2,"Doyenne","Scenario 2",9,4.6399283868643
79,4,2,"Doyenne","Scenario 2",9,NA
80,4,2,"Doyenne","Scenario 2",9,4.86697941582517
81,4,2,"Doyenne","Scenario 2",9,5.0682799330622
82,4,2,"Doyenne","Scenario 2",9,4.84778962700659
83,4,2,"Doyenne","Scenario 2",9,4.48561062086124
84,4,2,"Doyenne","Scenario 2",9,5.21282764340115
85,4,2,"Doyenne","Scenario 2",9,4.96856200486526
86,4,2,"Doyenne","Scenario 2",9,4.8184469148593
87,4,2,"Doyenne","Scenario 2",9,4.50904032266476
88,4,2,"Doyenne","Scenario 2",9,4.84710947630187
89,4,2,"Doyenne","Scenario 2",9,4.66460644701438
90,4,2,"Doyenne","Scenario 2",9,4.72964560215778
91,4,2,"Doyenne","Scenario 2",9,4.95310488352446
92,4,2,"Doyenne","Scenario 2",9,5.19732195947937
93,5,3,"Conference","Scenario 3",9,5.2483357556604
94,5,3,"Conference","Scenario 3",9,4.94536695199774
95,5,3,"Conference","Scenario 3",9,5.31053357072941
96,5,3,"Conference","Scenario 3",9,5.08115704091219
97,5,3,"Conference","Scenario 3",9,5.10642059757053
98,5,3,"Conference","Scenario 3",9,5.00163980536403
99,5,3,"Conference","Scenario 3",9,5.3087091075405
100,5,3,"Conference","Scenario 3",9,5.16365214901125
101,5,3,"Conference","Scenario 3",9,5.10291471106763
102,5,3,"Conference","Scenario 3",9,5.75429404258004
103,5,3,"Conference","Scenario 3",9,5.2982189245579
104,5,3,"Conference","Scenario 3",9,4.83552497302663
105,5,3,"Conference","Scenario 3",9,5.17975987848546
106,5,3,"Conference","Scenario 3",9,5.70835501724491
107,5,3,"Conference","Scenario 3",9,5.38240919546033
108,5,3,"Conference","Scenario 3",9,5.17966305882175
109,5,3,"Conference","Scenario 3",9,5.08951870745946
110,5,3,"Conference","Scenario 3",9,5.16081881749321
111,5,3,"Conference","Scenario 3",9,5.31176400718168
112,5,3,"Conference","Scenario 3",9,5.07418979257383
113,5,3,"Conference","Scenario 3",9,5.03286024463085
114,5,3,"Conference","Scenario 3",9,5.4164192255295
115,5,3,"Conference","Scenario 3",9,NA
116,5,3,"Conference","Scenario 3",9,5.41355544275973
117,5,3,"Conference","Scenario 3",9,5.25570920341716
118,5,3,"Conference","Scenario 3",9,5.39873802321554
119,5,3,"Conference","Scenario 3",9,5.13554323674409
120,5,3,"Conference","Scenario 3",9,5.34385535057484
121,6,3,"Doyenne","Scenario 3",9,4.78846140721185
122,6,3,"Doyenne","Scenario 3",9,4.63220049562421
123,6,3,"Doyenne","Scenario 3",9,4.56290059706631
124,6,3,"Doyenne","Scenario 3",9,4.65668331084337
125,6,3,"Doyenne","Scenario 3",9,3.97996277455386
126,6,3,"Doyenne","Scenario 3",9,4.5323365553808
127,6,3,"Doyenne","Scenario 3",9,4.76023970621007
128,6,3,"Doyenne","Scenario 3",9,4.56924325005205
129,6,3,"Doyenne","Scenario 3",9,4.40271766470842
130,6,3,"Doyenne","Scenario 3",9,4.39145707157925
131,6,3,"Doyenne","Scenario 3",9,4.39383060024389
132,6,3,"Doyenne","Scenario 3",9,4.38152001840607
133,6,3,"Doyenne","Scenario 3",9,4.74180227085979
134,6,3,"Doyenne","Scenario 3",9,4.67564902109818
135,6,3,"Doyenne","Scenario 3",9,4.35935160773887
136,6,3,"Doyenne","Scenario 3",9,4.11985828033461
137,6,3,"Doyenne","Scenario 3",9,4.73183803749949
138,6,3,"Doyenne","Scenario 3",9,4.18551358007004
139,6,3,"Doyenne","Scenario 3",9,4.41702178083336
140,6,3,"Doyenne","Scenario 3",9,4.36321932653382
141,6,3,"Doyenne","Scenario 3",9,4.01132816986274
142,6,3,"Doyenne","Scenario 3",9,4.80836049864671
143,7,4,"Conference","Scenario 4",9,4.90066423501914
144,7,4,"Conference","Scenario 4",9,NA
145,7,4,"Conference","Scenario 4",9,5.22786272897035
146,7,4,"Conference","Scenario 4",9,4.82588453147975
147,7,4,"Conference","Scenario 4",9,5.40949378085702
148,7,4,"Conference","Scenario 4",9,4.84710362627708
149,7,4,"Conference","Scenario 4",9,4.94790759672074
150,7,4,"Conference","Scenario 4",9,5.10936258762931
151,7,4,"Conference","Scenario 4",9,5.22626450134296
152,7,4,"Conference","Scenario 4",9,4.66189419626528
153,7,4,"Conference","Scenario 4",9,4.44956863845021
154,7,4,"Conference","Scenario 4",9,4.81252840513998
155,7,4,"Conference","Scenario 4",9,NA
156,7,4,"Conference","Scenario 4",9,5.08086139600137
157,7,4,"Conference","Scenario 4",9,5.14876446936454
158,7,4,"Conference","Scenario 4",9,5.46399779405868
159,7,4,"Conference","Scenario 4",9,4.96723024353121
160,7,4,"Conference","Scenario 4",9,4.76562090858603
161,7,4,"Conference","Scenario 4",9,5.10895829783888
162,7,4,"Conference","Scenario 4",9,5.63542959398542
163,7,4,"Conference","Scenario 4",9,4.90721689414969
164,7,4,"Conference","Scenario 4",9,4.82107295445799
165,7,4,"Conference","Scenario 4",9,5.39180156127626
166,7,4,"Conference","Scenario 4",9,4.59580596190381
167,7,4,"Conference","Scenario 4",9,5.06251162702145
168,7,4,"Conference","Scenario 4",9,4.74942092841992
169,7,4,"Conference","Scenario 4",9,5.2481275859879
170,7,4,"Conference","Scenario 4",9,5.51690768020091
171,8,4,"Doyenne","Scenario 4",9,4.69099978569673
172,8,4,"Doyenne","Scenario 4",9,4.06981574895491
173,8,4,"Doyenne","Scenario 4",9,4.43410932801969
174,8,4,"Doyenne","Scenario 4",9,4.42510533859399
175,8,4,"Doyenne","Scenario 4",9,4.55701751375606
176,8,4,"Doyenne","Scenario 4",9,3.83107053617061
177,8,4,"Doyenne","Scenario 4",9,4.22594321243008
178,8,4,"Doyenne","Scenario 4",9,4.36495967027831
179,8,4,"Doyenne","Scenario 4",9,4.25835452004535
180,8,4,"Doyenne","Scenario 4",9,4.25348086367558
181,8,4,"Doyenne","Scenario 4",9,4.63703775993704
182,8,4,"Doyenne","Scenario 4",9,4.60516007111732
183,8,4,"Doyenne","Scenario 4",9,4.60330196218822
184,8,4,"Doyenne","Scenario 4",9,4.57401191861633
185,8,4,"Doyenne","Scenario 4",9,4.0242345632949
186,8,4,"Doyenne","Scenario 4",9,4.21397109148803
187,8,4,"Doyenne","Scenario 4",9,4.62617654028167
188,8,4,"Doyenne","Scenario 4",9,4.20233869010901
189,8,4,"Doyenne","Scenario 4",9,3.79033645958811
190,8,4,"Doyenne","Scenario 4",9,4.36175136686318
191,8,4,"Doyenne","Scenario 4",9,4.04193515528016
192,8,4,"Doyenne","Scenario 4",9,4.12747934188029
1,1,1,"Conference","Scenario 1",10,5.88903295651961
2,1,1,"Conference","Scenario 1",10,5.98984747795029
3,1,1,"Conference","Scenario 1",10,5.25150394590409
4,1,1,"Conference","Scenario 1",10,5.61371611970377
5,1,1,"Conference","Scenario 1",10,5.47719098433502
6,1,1,"Conference","Scenario 1",10,5.65418322607844
7,1,1,"Conference","Scenario 1",10,5.18280219333739
8,1,1,"Conference","Scenario 1",10,NA
9,1,1,"Conference","Scenario 1",10,5.43191150484287
10,1,1,"Conference","Scenario 1",10,5.80988627381035
11,1,1,"Conference","Scenario 1",10,5.42665094105053
12,1,1,"Conference","Scenario 1",10,6.24820869492902
13,1,1,"Conference","Scenario 1",10,5.94531193089029
14,1,1,"Conference","Scenario 1",10,5.39627748653632
15,1,1,"Conference","Scenario 1",10,5.83021518749831
16,1,1,"Conference","Scenario 1",10,5.515718507105
17,1,1,"Conference","Scenario 1",10,5.77501305925681
18,1,1,"Conference","Scenario 1",10,5.50073971713289
19,1,1,"Conference","Scenario 1",10,5.61786252042039
20,1,1,"Conference","Scenario 1",10,5.24869677359507
21,1,1,"Conference","Scenario 1",10,5.58183580906965
22,1,1,"Conference","Scenario 1",10,5.68592159650477
23,1,1,"Conference","Scenario 1",10,5.47835953331614
24,1,1,"Conference","Scenario 1",10,5.72081013308197
25,2,1,"Doyenne","Scenario 1",10,4.55381729608025
26,2,1,"Doyenne","Scenario 1",10,4.61359575130053
27,2,1,"Doyenne","Scenario 1",10,4.883853979153
28,2,1,"Doyenne","Scenario 1",10,4.18713993054353
29,2,1,"Doyenne","Scenario 1",10,4.70033845615709
30,2,1,"Doyenne","Scenario 1",10,4.32710089307285
31,2,1,"Doyenne","Scenario 1",10,4.33068825586726
32,2,1,"Doyenne","Scenario 1",10,4.48011862221893
33,2,1,"Doyenne","Scenario 1",10,4.91717644973094
34,2,1,"Doyenne","Scenario 1",10,4.0826846770689
35,2,1,"Doyenne","Scenario 1",10,4.11044468599629
36,2,1,"Doyenne","Scenario 1",10,4.72422023647399
37,2,1,"Doyenne","Scenario 1",10,4.50340704516929
38,2,1,"Doyenne","Scenario 1",10,4.21053778689652
39,2,1,"Doyenne","Scenario 1",10,4.48752514275088
40,2,1,"Doyenne","Scenario 1",10,4.9241557105888
41,2,1,"Doyenne","Scenario 1",10,4.54368928535649
42,2,1,"Doyenne","Scenario 1",10,5.26150469746724
43,2,1,"Doyenne","Scenario 1",10,4.86593467527443
44,2,1,"Doyenne","Scenario 1",10,4.61722479892385
45,2,1,"Doyenne","Scenario 1",10,4.50837253239131
46,2,1,"Doyenne","Scenario 1",10,4.62832323808089
47,2,1,"Doyenne","Scenario 1",10,4.10812649739041
48,2,1,"Doyenne","Scenario 1",10,4.48842840120323
49,2,1,"Doyenne","Scenario 1",10,4.90293843488724
50,3,2,"Conference","Scenario 2",10,5.22136060943613
51,3,2,"Conference","Scenario 2",10,6.38594312401652
52,3,2,"Conference","Scenario 2",10,5.69717728721846
53,3,2,"Conference","Scenario 2",10,6.17453990209068
54,3,2,"Conference","Scenario 2",10,5.63782603736606
55,3,2,"Conference","Scenario 2",10,6.05467106848681
56,3,2,"Conference","Scenario 2",10,5.84620847584625
57,3,2,"Conference","Scenario 2",10,5.87127084003981
58,3,2,"Conference","Scenario 2",10,6.11573578053026
59,3,2,"Conference","Scenario 2",10,5.7805624922332
60,3,2,"Conference","Scenario 2",10,6.25290737524834
61,3,2,"Conference","Scenario 2",10,6.74584120125573
62,3,2,"Conference","Scenario 2",10,5.56792891070882
63,3,2,"Conference","Scenario 2",10,5.68013575617008
64,3,2,"Conference","Scenario 2",10,6.47646355833015
65,3,2,"Conference","Scenario 2",10,6.01863706297168
66,3,2,"Conference","Scenario 2",10,6.00336081550054
67,3,2,"Conference","Scenario 2",10,5.68079998309073
68,3,2,"Conference","Scenario 2",10,5.80362115159543
69,3,2,"Conference","Scenario 2",10,6.36194762873339
70,3,2,"Conference","Scenario 2",10,6.1677229408762
71,4,2,"Doyenne","Scenario 2",10,5.11041989982259
72,4,2,"Doyenne","Scenario 2",10,5.44870676603089
73,4,2,"Doyenne","Scenario 2",10,5.21474404397243
74,4,2,"Doyenne","Scenario 2",10,5.20126068338143
75,4,2,"Doyenne","Scenario 2",10,4.64319321352852
76,4,2,"Doyenne","Scenario 2",10,5.15643965424169
77,4,2,"Doyenne","Scenario 2",10,5.45837303365735
78,4,2,"Doyenne","Scenario 2",10,5.15911417328627
79,4,2,"Doyenne","Scenario 2",10,NA
80,4,2,"Doyenne","Scenario 2",10,4.98072309726035
81,4,2,"Doyenne","Scenario 2",10,NA
82,4,2,"Doyenne","Scenario 2",10,4.94379253394048
83,4,2,"Doyenne","Scenario 2",10,4.56156808539357
84,4,2,"Doyenne","Scenario 2",10,5.56598921619548
85,4,2,"Doyenne","Scenario 2",10,5.04451058443218
86,4,2,"Doyenne","Scenario 2",10,5.23295753356959
87,4,2,"Doyenne","Scenario 2",10,4.85287328149219
88,4,2,"Doyenne","Scenario 2",10,5.53299185892622
89,4,2,"Doyenne","Scenario 2",10,4.8321546107477
90,4,2,"Doyenne","Scenario 2",10,5.23676618490052
91,4,2,"Doyenne","Scenario 2",10,5.27100314967038
92,4,2,"Doyenne","Scenario 2",10,5.39721643007651
93,5,3,"Conference","Scenario 3",10,5.56649612202875
94,5,3,"Conference","Scenario 3",10,5.05659774240747
95,5,3,"Conference","Scenario 3",10,5.58351547404467
96,5,3,"Conference","Scenario 3",10,5.29141990759744
97,5,3,"Conference","Scenario 3",10,5.33283652719779
98,5,3,"Conference","Scenario 3",10,5.31253744914912
99,5,3,"Conference","Scenario 3",10,6.14365825186366
100,5,3,"Conference","Scenario 3",10,5.41232089440936
101,5,3,"Conference","Scenario 3",10,5.79902532822764
102,5,3,"Conference","Scenario 3",10,6.23079120375394
103,5,3,"Conference","Scenario 3",10,5.7966967148187
104,5,3,"Conference","Scenario 3",10,5.34560326247261
105,5,3,"Conference","Scenario 3",10,5.44101277670207
106,5,3,"Conference","Scenario 3",10,6.12956783352363
107,5,3,"Conference","Scenario 3",10,5.38991049917275
108,5,3,"Conference","Scenario 3",10,5.43513761635318
109,5,3,"Conference","Scenario 3",10,5.87673581656345
110,5,3,"Conference","Scenario 3",10,5.25386558382523
111,5,3,"Conference","Scenario 3",10,5.48528221883349
112,5,3,"Conference","Scenario 3",10,5.207262844988
113,5,3,"Conference","Scenario 3",10,5.17378354250572
114,5,3,"Conference","Scenario 3",10,5.60709124422578
115,5,3,"Conference","Scenario 3",10,NA
116,5,3,"Conference","Scenario 3",10,5.79718045476345
117,5,3,"Conference","Scenario 3",10,5.27401626664885
118,5,3,"Conference","Scenario 3",10,5.48399020459549
119,5,3,"Conference","Scenario 3",10,5.17409924456125
120,5,3,"Conference","Scenario 3",10,5.45560147392982
121,6,3,"Doyenne","Scenario 3",10,4.86657925225682
122,6,3,"Doyenne","Scenario 3",10,4.63455285442981
123,6,3,"Doyenne","Scenario 3",10,4.74179192326673
124,6,3,"Doyenne","Scenario 3",10,4.68041981706005
125,6,3,"Doyenne","Scenario 3",10,4.57341307165143
126,6,3,"Doyenne","Scenario 3",10,4.60530391645403
127,6,3,"Doyenne","Scenario 3",10,4.91619832920243
128,6,3,"Doyenne","Scenario 3",10,4.6836784515353
129,6,3,"Doyenne","Scenario 3",10,5.0705697258987
130,6,3,"Doyenne","Scenario 3",10,4.51603490556648
131,6,3,"Doyenne","Scenario 3",10,5.11479602124353
132,6,3,"Doyenne","Scenario 3",10,4.47188425086119
133,6,3,"Doyenne","Scenario 3",10,5.21951560041259
134,6,3,"Doyenne","Scenario 3",10,4.79092722142881
135,6,3,"Doyenne","Scenario 3",10,4.54891261024758
136,6,3,"Doyenne","Scenario 3",10,4.71065925480561
137,6,3,"Doyenne","Scenario 3",10,4.84762323733313
138,6,3,"Doyenne","Scenario 3",10,4.38473123596369
139,6,3,"Doyenne","Scenario 3",10,4.422175948864
140,6,3,"Doyenne","Scenario 3",10,4.58649595798514
141,6,3,"Doyenne","Scenario 3",10,4.11467299421651
142,6,3,"Doyenne","Scenario 3",10,5.17105730345681
143,7,4,"Conference","Scenario 4",10,5.54111825430529
144,7,4,"Conference","Scenario 4",10,NA
145,7,4,"Conference","Scenario 4",10,5.32020833464776
146,7,4,"Conference","Scenario 4",10,5.46120369000711
147,7,4,"Conference","Scenario 4",10,5.67946137312662
148,7,4,"Conference","Scenario 4",10,4.98154067868652
149,7,4,"Conference","Scenario 4",10,5.79261946823812
150,7,4,"Conference","Scenario 4",10,5.71385832692465
151,7,4,"Conference","Scenario 4",10,5.57173980150939
152,7,4,"Conference","Scenario 4",10,4.94242560702414
153,7,4,"Conference","Scenario 4",10,5.3394584148109
154,7,4,"Conference","Scenario 4",10,5.40352458791391
155,7,4,"Conference","Scenario 4",10,NA
156,7,4,"Conference","Scenario 4",10,5.21407288908804
157,7,4,"Conference","Scenario 4",10,5.3384320292333
158,7,4,"Conference","Scenario 4",10,5.69951029494969
159,7,4,"Conference","Scenario 4",10,5.02903909716371
160,7,4,"Conference","Scenario 4",10,4.93543793744586
161,7,4,"Conference","Scenario 4",10,NA
162,7,4,"Conference","Scenario 4",10,5.66564688838108
163,7,4,"Conference","Scenario 4",10,5.35346257572018
164,7,4,"Conference","Scenario 4",10,4.9593872988032
165,7,4,"Conference","Scenario 4",10,5.55731060739616
166,7,4,"Conference","Scenario 4",10,4.7189116034911
167,7,4,"Conference","Scenario 4",10,5.09016194209715
168,7,4,"Conference","Scenario 4",10,5.5388179800703
169,7,4,"Conference","Scenario 4",10,5.42945390124887
170,7,4,"Conference","Scenario 4",10,5.51969850649917
171,8,4,"Doyenne","Scenario 4",10,4.96277543559099
172,8,4,"Doyenne","Scenario 4",10,4.14524286543564
173,8,4,"Doyenne","Scenario 4",10,4.97633662135527
174,8,4,"Doyenne","Scenario 4",10,4.74121474510716
175,8,4,"Doyenne","Scenario 4",10,4.66646882084081
176,8,4,"Doyenne","Scenario 4",10,4.50309433817656
177,8,4,"Doyenne","Scenario 4",10,4.45616323571849
178,8,4,"Doyenne","Scenario 4",10,4.42790315401698
179,8,4,"Doyenne","Scenario 4",10,4.53599551091336
180,8,4,"Doyenne","Scenario 4",10,4.50751415742311
181,8,4,"Doyenne","Scenario 4",10,4.71341781768963
182,8,4,"Doyenne","Scenario 4",10,4.90791572672629
183,8,4,"Doyenne","Scenario 4",10,4.85215263005514
184,8,4,"Doyenne","Scenario 4",10,4.77321195884244
185,8,4,"Doyenne","Scenario 4",10,4.74270803763172
186,8,4,"Doyenne","Scenario 4",10,4.21639115935296
187,8,4,"Doyenne","Scenario 4",10,4.89996649196003
188,8,4,"Doyenne","Scenario 4",10,4.40649846145843
189,8,4,"Doyenne","Scenario 4",10,5.13973160322002
190,8,4,"Doyenne","Scenario 4",10,4.520399370703
191,8,4,"Doyenne","Scenario 4",10,4.31088698362486
192,8,4,"Doyenne","Scenario 4",10,4.64235486586169
1,1,1,"Conference","Scenario 1",11,5.97914204813876
2,1,1,"Conference","Scenario 1",11,6.18273386395503
3,1,1,"Conference","Scenario 1",11,5.49097888629538
4,1,1,"Conference","Scenario 1",11,5.83165341939268
5,1,1,"Conference","Scenario 1",11,5.67643083125996
6,1,1,"Conference","Scenario 1",11,6.11203205243452
7,1,1,"Conference","Scenario 1",11,5.49170455933458
8,1,1,"Conference","Scenario 1",11,NA
9,1,1,"Conference","Scenario 1",11,5.78462081622098
10,1,1,"Conference","Scenario 1",11,5.81502015228645
11,1,1,"Conference","Scenario 1",11,5.5938824898019
12,1,1,"Conference","Scenario 1",11,6.34146047791235
13,1,1,"Conference","Scenario 1",11,6.17313317777629
14,1,1,"Conference","Scenario 1",11,5.84480631864729
15,1,1,"Conference","Scenario 1",11,6.03707391989145
16,1,1,"Conference","Scenario 1",11,5.81316195566718
17,1,1,"Conference","Scenario 1",11,5.96229361636871
18,1,1,"Conference","Scenario 1",11,5.95048377107569
19,1,1,"Conference","Scenario 1",11,5.70036621594652
20,1,1,"Conference","Scenario 1",11,5.36404744169872
21,1,1,"Conference","Scenario 1",11,5.8285382548855
22,1,1,"Conference","Scenario 1",11,5.77390483348307
23,1,1,"Conference","Scenario 1",11,5.50140888294507
24,1,1,"Conference","Scenario 1",11,5.88853408908722
25,2,1,"Doyenne","Scenario 1",11,4.67189194315592
26,2,1,"Doyenne","Scenario 1",11,4.96408592091611
27,2,1,"Doyenne","Scenario 1",11,5.12616331117958
28,2,1,"Doyenne","Scenario 1",11,4.78645489245469
29,2,1,"Doyenne","Scenario 1",11,4.89977391885053
30,2,1,"Doyenne","Scenario 1",11,4.81712594914602
31,2,1,"Doyenne","Scenario 1",11,4.5571048907504
32,2,1,"Doyenne","Scenario 1",11,4.5167990240879
33,2,1,"Doyenne","Scenario 1",11,5.209426245471
34,2,1,"Doyenne","Scenario 1",11,4.66672242952615
35,2,1,"Doyenne","Scenario 1",11,4.8311503265483
36,2,1,"Doyenne","Scenario 1",11,4.85917715595967
37,2,1,"Doyenne","Scenario 1",11,4.56214926787609
38,2,1,"Doyenne","Scenario 1",11,4.48034182933411
39,2,1,"Doyenne","Scenario 1",11,4.52782218625175
40,2,1,"Doyenne","Scenario 1",11,4.92756479649193
41,2,1,"Doyenne","Scenario 1",11,4.81201797714572
42,2,1,"Doyenne","Scenario 1",11,5.30413968675506
43,2,1,"Doyenne","Scenario 1",11,5.08415355712209
44,2,1,"Doyenne","Scenario 1",11,4.66748972869976
45,2,1,"Doyenne","Scenario 1",11,4.99941601047277
46,2,1,"Doyenne","Scenario 1",11,4.98584292890223
47,2,1,"Doyenne","Scenario 1",11,4.77184744760175
48,2,1,"Doyenne","Scenario 1",11,4.83999044296177
49,2,1,"Doyenne","Scenario 1",11,5.01861208504567
50,3,2,"Conference","Scenario 2",11,5.36785066982938
51,3,2,"Conference","Scenario 2",11,6.50704406516738
52,3,2,"Conference","Scenario 2",11,6.20594602860478
53,3,2,"Conference","Scenario 2",11,6.78317536904236
54,3,2,"Conference","Scenario 2",11,6.31061977512878
55,3,2,"Conference","Scenario 2",11,6.84502703871207
56,3,2,"Conference","Scenario 2",11,6.13606475140191
57,3,2,"Conference","Scenario 2",11,6.18399490887266
58,3,2,"Conference","Scenario 2",11,6.7377419157092
59,3,2,"Conference","Scenario 2",11,6.11126182801397
60,3,2,"Conference","Scenario 2",11,6.36367691487511
61,3,2,"Conference","Scenario 2",11,7.22789261340731
62,3,2,"Conference","Scenario 2",11,6.01432256621203
63,3,2,"Conference","Scenario 2",11,5.90186866344799
64,3,2,"Conference","Scenario 2",11,6.53873006951523
65,3,2,"Conference","Scenario 2",11,6.31341414697227
66,3,2,"Conference","Scenario 2",11,6.23713803030271
67,3,2,"Conference","Scenario 2",11,6.16260065237759
68,3,2,"Conference","Scenario 2",11,6.15706337322483
69,3,2,"Conference","Scenario 2",11,6.39104096566406
70,3,2,"Conference","Scenario 2",11,6.18693884635254
71,4,2,"Doyenne","Scenario 2",11,5.16668025681294
72,4,2,"Doyenne","Scenario 2",11,5.95496222289965
73,4,2,"Doyenne","Scenario 2",11,5.7308527848216
74,4,2,"Doyenne","Scenario 2",11,5.35571736719747
75,4,2,"Doyenne","Scenario 2",11,4.83149311284655
76,4,2,"Doyenne","Scenario 2",11,5.31237877282435
77,4,2,"Doyenne","Scenario 2",11,6.02362903458606
78,4,2,"Doyenne","Scenario 2",11,5.20605199945511
79,4,2,"Doyenne","Scenario 2",11,NA
80,4,2,"Doyenne","Scenario 2",11,5.09446677869553
81,4,2,"Doyenne","Scenario 2",11,NA
82,4,2,"Doyenne","Scenario 2",11,5.03979544087438
83,4,2,"Doyenne","Scenario 2",11,5.09278017826838
84,4,2,"Doyenne","Scenario 2",11,5.90887252497362
85,4,2,"Doyenne","Scenario 2",11,5.1204591639991
86,4,2,"Doyenne","Scenario 2",11,5.39886213623058
87,4,2,"Doyenne","Scenario 2",11,5.19670624031963
88,4,2,"Doyenne","Scenario 2",11,5.72168312428395
89,4,2,"Doyenne","Scenario 2",11,4.99970277448101
90,4,2,"Doyenne","Scenario 2",11,5.24192571173044
91,4,2,"Doyenne","Scenario 2",11,5.5889014158163
92,4,2,"Doyenne","Scenario 2",11,5.59711090067365
93,5,3,"Conference","Scenario 3",11,5.8846564883971
94,5,3,"Conference","Scenario 3",11,5.60793807503201
95,5,3,"Conference","Scenario 3",11,5.8422189251443
96,5,3,"Conference","Scenario 3",11,6.3603916976864
97,5,3,"Conference","Scenario 3",11,5.35765219580316
98,5,3,"Conference","Scenario 3",11,5.62343509293421
99,5,3,"Conference","Scenario 3",11,6.1623239172944
100,5,3,"Conference","Scenario 3",11,5.8339329305312
101,5,3,"Conference","Scenario 3",11,6.19493931153144
102,5,3,"Conference","Scenario 3",11,6.36467594936293
103,5,3,"Conference","Scenario 3",11,6.01071514638429
104,5,3,"Conference","Scenario 3",11,5.56469965424913
105,5,3,"Conference","Scenario 3",11,5.70226567491868
106,5,3,"Conference","Scenario 3",11,6.21875951833605
107,5,3,"Conference","Scenario 3",11,5.39741180288516
108,5,3,"Conference","Scenario 3",11,5.84045431832016
109,5,3,"Conference","Scenario 3",11,6.12554188027719
110,5,3,"Conference","Scenario 3",11,5.34691235015724
111,5,3,"Conference","Scenario 3",11,5.92451336220815
112,5,3,"Conference","Scenario 3",11,6.42916540520821
113,5,3,"Conference","Scenario 3",11,5.82272619952751
114,5,3,"Conference","Scenario 3",11,5.79776326292205
115,5,3,"Conference","Scenario 3",11,NA
116,5,3,"Conference","Scenario 3",11,6.15054591582395
117,5,3,"Conference","Scenario 3",11,5.82756124935106
118,5,3,"Conference","Scenario 3",11,5.66548237249323
119,5,3,"Conference","Scenario 3",11,6.11031760210909
120,5,3,"Conference","Scenario 3",11,6.35787091989482
121,6,3,"Doyenne","Scenario 3",11,4.94469709730179
122,6,3,"Doyenne","Scenario 3",11,4.63690521323542
123,6,3,"Doyenne","Scenario 3",11,5.34772549082911
124,6,3,"Doyenne","Scenario 3",11,4.70415632327673
125,6,3,"Doyenne","Scenario 3",11,4.93986653345862
126,6,3,"Doyenne","Scenario 3",11,4.67827127752725
127,6,3,"Doyenne","Scenario 3",11,5.07215695219478
128,6,3,"Doyenne","Scenario 3",11,4.87125822368132
129,6,3,"Doyenne","Scenario 3",11,5.14791959230214
130,6,3,"Doyenne","Scenario 3",11,4.8241344511529
131,6,3,"Doyenne","Scenario 3",11,5.33056115962209
132,6,3,"Doyenne","Scenario 3",11,4.5622484833163
133,6,3,"Doyenne","Scenario 3",11,5.39272505021168
134,6,3,"Doyenne","Scenario 3",11,4.90620542175943
135,6,3,"Doyenne","Scenario 3",11,4.69872850935894
136,6,3,"Doyenne","Scenario 3",11,4.74366646912921
137,6,3,"Doyenne","Scenario 3",11,4.96340843716677
138,6,3,"Doyenne","Scenario 3",11,4.57925807193038
139,6,3,"Doyenne","Scenario 3",11,4.78103225858665
140,6,3,"Doyenne","Scenario 3",11,5.00423827548975
141,6,3,"Doyenne","Scenario 3",11,4.34828229203911
142,6,3,"Doyenne","Scenario 3",11,5.5902147883308
143,7,4,"Conference","Scenario 4",11,5.62097976074537
144,7,4,"Conference","Scenario 4",11,NA
145,7,4,"Conference","Scenario 4",11,5.41255394032517
146,7,4,"Conference","Scenario 4",11,5.59273237870564
147,7,4,"Conference","Scenario 4",11,5.94942896539621
148,7,4,"Conference","Scenario 4",11,NA
149,7,4,"Conference","Scenario 4",11,5.86595459774311
150,7,4,"Conference","Scenario 4",11,5.76367802589933
151,7,4,"Conference","Scenario 4",11,5.91721510167582
152,7,4,"Conference","Scenario 4",11,5.13001927347709
153,7,4,"Conference","Scenario 4",11,5.47129496820236
154,7,4,"Conference","Scenario 4",11,5.52681384932064
155,7,4,"Conference","Scenario 4",11,NA
156,7,4,"Conference","Scenario 4",11,6.2704813077838
157,7,4,"Conference","Scenario 4",11,5.46081949199799
158,7,4,"Conference","Scenario 4",11,5.94924401303911
159,7,4,"Conference","Scenario 4",11,5.14410615745005
160,7,4,"Conference","Scenario 4",11,5.1052549663057
161,7,4,"Conference","Scenario 4",11,NA
162,7,4,"Conference","Scenario 4",11,5.69586418277675
163,7,4,"Conference","Scenario 4",11,5.50364002165431
164,7,4,"Conference","Scenario 4",11,5.60769741351926
165,7,4,"Conference","Scenario 4",11,5.72281965351606
166,7,4,"Conference","Scenario 4",11,5.55976793769297
167,7,4,"Conference","Scenario 4",11,5.80076185218377
168,7,4,"Conference","Scenario 4",11,5.568710538602
169,7,4,"Conference","Scenario 4",11,5.61078021650983
170,7,4,"Conference","Scenario 4",11,5.52248933279743
171,8,4,"Doyenne","Scenario 4",11,5.23455108548524
172,8,4,"Doyenne","Scenario 4",11,4.56601811249223
173,8,4,"Doyenne","Scenario 4",11,4.9850103461042
174,8,4,"Doyenne","Scenario 4",11,4.84978036117093
175,8,4,"Doyenne","Scenario 4",11,4.85457879731471
176,8,4,"Doyenne","Scenario 4",11,4.58791579563767
177,8,4,"Doyenne","Scenario 4",11,4.6863832590069
178,8,4,"Doyenne","Scenario 4",11,4.71844689444244
179,8,4,"Doyenne","Scenario 4",11,4.60003691155075
180,8,4,"Doyenne","Scenario 4",11,4.84478454971182
181,8,4,"Doyenne","Scenario 4",11,4.78979787544221
182,8,4,"Doyenne","Scenario 4",11,5.09068492276206
183,8,4,"Doyenne","Scenario 4",11,5.18454944987961
184,8,4,"Doyenne","Scenario 4",11,4.97241199906854
185,8,4,"Doyenne","Scenario 4",11,4.8368496539211
186,8,4,"Doyenne","Scenario 4",11,5.33474486180917
187,8,4,"Doyenne","Scenario 4",11,5.08782279402026
188,8,4,"Doyenne","Scenario 4",11,4.61065823280784
189,8,4,"Doyenne","Scenario 4",11,5.20651703110038
190,8,4,"Doyenne","Scenario 4",11,4.67904737454283
191,8,4,"Doyenne","Scenario 4",11,4.47593727108442
192,8,4,"Doyenne","Scenario 4",11,4.9343132492645
1,1,1,"Conference","Scenario 1",12,6.06925113975791
2,1,1,"Conference","Scenario 1",12,6.37562024995977
3,1,1,"Conference","Scenario 1",12,5.90226768260078
4,1,1,"Conference","Scenario 1",12,6.685997222504
5,1,1,"Conference","Scenario 1",12,5.78352237947354
6,1,1,"Conference","Scenario 1",12,6.56988087879059
7,1,1,"Conference","Scenario 1",12,6.14204135205621
8,1,1,"Conference","Scenario 1",12,NA
9,1,1,"Conference","Scenario 1",12,6.13733012759909
10,1,1,"Conference","Scenario 1",12,5.82015403076256
11,1,1,"Conference","Scenario 1",12,5.79456865309776
12,1,1,"Conference","Scenario 1",12,6.71217405649
13,1,1,"Conference","Scenario 1",12,6.40095442466229
14,1,1,"Conference","Scenario 1",12,6.07168855655241
15,1,1,"Conference","Scenario 1",12,6.24393265228459
16,1,1,"Conference","Scenario 1",12,6.11060540422937
17,1,1,"Conference","Scenario 1",12,6.14957417348061
18,1,1,"Conference","Scenario 1",12,6.40022782501849
19,1,1,"Conference","Scenario 1",12,6.16348346963436
20,1,1,"Conference","Scenario 1",12,6.0823255411211
21,1,1,"Conference","Scenario 1",12,6.07524070070136
22,1,1,"Conference","Scenario 1",12,5.86188807046138
23,1,1,"Conference","Scenario 1",12,5.524458232574
24,1,1,"Conference","Scenario 1",12,5.89649263340628
25,2,1,"Doyenne","Scenario 1",12,4.78996659023159
26,2,1,"Doyenne","Scenario 1",12,5.23970399237469
27,2,1,"Doyenne","Scenario 1",12,5.36847264320615
28,2,1,"Doyenne","Scenario 1",12,5.12040606714238
29,2,1,"Doyenne","Scenario 1",12,5.09920938154398
30,2,1,"Doyenne","Scenario 1",12,4.84000019112212
31,2,1,"Doyenne","Scenario 1",12,4.91642970477018
32,2,1,"Doyenne","Scenario 1",12,4.89960124768329
33,2,1,"Doyenne","Scenario 1",12,5.27430668205051
34,2,1,"Doyenne","Scenario 1",12,5.07693683440042
35,2,1,"Doyenne","Scenario 1",12,4.95822249446407
36,2,1,"Doyenne","Scenario 1",12,4.99413407544535
37,2,1,"Doyenne","Scenario 1",12,4.62089149058289
38,2,1,"Doyenne","Scenario 1",12,4.93436316709442
39,2,1,"Doyenne","Scenario 1",12,4.69692112151471
40,2,1,"Doyenne","Scenario 1",12,4.98386642833365
41,2,1,"Doyenne","Scenario 1",12,5.0460669028091
42,2,1,"Doyenne","Scenario 1",12,5.34677467604289
43,2,1,"Doyenne","Scenario 1",12,5.22285216472061
44,2,1,"Doyenne","Scenario 1",12,4.71775465847566
45,2,1,"Doyenne","Scenario 1",12,5.04839091989947
46,2,1,"Doyenne","Scenario 1",12,5.04177630417095
47,2,1,"Doyenne","Scenario 1",12,5.26322996509991
48,2,1,"Doyenne","Scenario 1",12,4.86323724679169
49,2,1,"Doyenne","Scenario 1",12,5.12772055951628
50,3,2,"Conference","Scenario 2",12,6.13211564378109
51,3,2,"Conference","Scenario 2",12,6.62814500631825
52,3,2,"Conference","Scenario 2",12,6.84347787603173
53,3,2,"Conference","Scenario 2",12,7.0967405331799
54,3,2,"Conference","Scenario 2",12,6.99257332122634
55,3,2,"Conference","Scenario 2",12,7.33575576429336
56,3,2,"Conference","Scenario 2",12,7.14933734010959
57,3,2,"Conference","Scenario 2",12,6.44739404167074
58,3,2,"Conference","Scenario 2",12,6.8389630095219
59,3,2,"Conference","Scenario 2",12,6.49626308878655
60,3,2,"Conference","Scenario 2",12,6.51277281734373
61,3,2,"Conference","Scenario 2",12,7.70994402555888
62,3,2,"Conference","Scenario 2",12,6.2449969668296
63,3,2,"Conference","Scenario 2",12,6.1236015707259
64,3,2,"Conference","Scenario 2",12,6.91475022165179
65,3,2,"Conference","Scenario 2",12,6.60819123097286
66,3,2,"Conference","Scenario 2",12,6.53574340883877
67,3,2,"Conference","Scenario 2",12,6.64440132166446
68,3,2,"Conference","Scenario 2",12,6.34494638283134
69,3,2,"Conference","Scenario 2",12,6.42013430259473
70,3,2,"Conference","Scenario 2",12,6.20615475182889
71,4,2,"Doyenne","Scenario 2",12,5.9422028595087
72,4,2,"Doyenne","Scenario 2",12,5.9869743673902
73,4,2,"Doyenne","Scenario 2",12,5.77021641260037
74,4,2,"Doyenne","Scenario 2",12,6.14631780346009
75,4,2,"Doyenne","Scenario 2",12,4.92302310635097
76,4,2,"Doyenne","Scenario 2",12,5.46831789140702
77,4,2,"Doyenne","Scenario 2",12,6.14076362434751
78,4,2,"Doyenne","Scenario 2",12,5.4230139340348
79,4,2,"Doyenne","Scenario 2",12,NA
80,4,2,"Doyenne","Scenario 2",12,5.20821046013071
81,4,2,"Doyenne","Scenario 2",12,NA
82,4,2,"Doyenne","Scenario 2",12,5.69850060390151
83,4,2,"Doyenne","Scenario 2",12,5.5505150622808
84,4,2,"Doyenne","Scenario 2",12,6.25175583375176
85,4,2,"Doyenne","Scenario 2",12,5.55291965686723
86,4,2,"Doyenne","Scenario 2",12,5.59517942599243
87,4,2,"Doyenne","Scenario 2",12,5.76535162619811
88,4,2,"Doyenne","Scenario 2",12,5.91037438964167
89,4,2,"Doyenne","Scenario 2",12,5.56604756500272
90,4,2,"Doyenne","Scenario 2",12,5.54660085263876
91,4,2,"Doyenne","Scenario 2",12,5.73290426103058
92,4,2,"Doyenne","Scenario 2",12,5.79700537127079
93,5,3,"Conference","Scenario 3",12,6.03161527585082
94,5,3,"Conference","Scenario 3",12,6.00939056088419
95,5,3,"Conference","Scenario 3",12,6.10092237624394
96,5,3,"Conference","Scenario 3",12,6.49242614268225
97,5,3,"Conference","Scenario 3",12,6.31907975769596
98,5,3,"Conference","Scenario 3",12,5.88666732380615
99,5,3,"Conference","Scenario 3",12,6.18098958272514
100,5,3,"Conference","Scenario 3",12,6.0115413835487
101,5,3,"Conference","Scenario 3",12,6.36038335900263
102,5,3,"Conference","Scenario 3",12,6.49856069497192
103,5,3,"Conference","Scenario 3",12,6.22473357794987
104,5,3,"Conference","Scenario 3",12,6.14658364472813
105,5,3,"Conference","Scenario 3",12,5.85902122176926
106,5,3,"Conference","Scenario 3",12,6.30064527027475
107,5,3,"Conference","Scenario 3",12,6.10358281998536
108,5,3,"Conference","Scenario 3",12,6.87757495322623
109,5,3,"Conference","Scenario 3",12,6.37434794399092
110,5,3,"Conference","Scenario 3",12,6.18733362194003
111,5,3,"Conference","Scenario 3",12,6.3637445055828
112,5,3,"Conference","Scenario 3",12,6.56535362365774
113,5,3,"Conference","Scenario 3",12,6.61036392597722
114,5,3,"Conference","Scenario 3",12,6.30266182926727
115,5,3,"Conference","Scenario 3",12,NA
116,5,3,"Conference","Scenario 3",12,6.23927516512718
117,5,3,"Conference","Scenario 3",12,6.45862293728202
118,5,3,"Conference","Scenario 3",12,5.85068634836187
119,5,3,"Conference","Scenario 3",12,6.17738137215166
120,5,3,"Conference","Scenario 3",12,6.46942943452498
121,6,3,"Doyenne","Scenario 3",12,5.02281494234677
122,6,3,"Doyenne","Scenario 3",12,4.63925757204102
123,6,3,"Doyenne","Scenario 3",12,5.55216282724303
124,6,3,"Doyenne","Scenario 3",12,5.33859273132991
125,6,3,"Doyenne","Scenario 3",12,5.30631999526581
126,6,3,"Doyenne","Scenario 3",12,4.75123863860047
127,6,3,"Doyenne","Scenario 3",12,5.22811557518714
128,6,3,"Doyenne","Scenario 3",12,5.05883799582733
129,6,3,"Doyenne","Scenario 3",12,5.22526945870558
130,6,3,"Doyenne","Scenario 3",12,5.13223399673932
131,6,3,"Doyenne","Scenario 3",12,5.54632629800066
132,6,3,"Doyenne","Scenario 3",12,5.03481847923494
133,6,3,"Doyenne","Scenario 3",12,5.56593450001077
134,6,3,"Doyenne","Scenario 3",12,4.97257697976723
135,6,3,"Doyenne","Scenario 3",12,4.80442368675262
136,6,3,"Doyenne","Scenario 3",12,5.41717533483763
137,6,3,"Doyenne","Scenario 3",12,5.07669575638745
138,6,3,"Doyenne","Scenario 3",12,4.98330463276593
139,6,3,"Doyenne","Scenario 3",12,5.27154442418188
140,6,3,"Doyenne","Scenario 3",12,NA
141,6,3,"Doyenne","Scenario 3",12,4.58189158986171
142,6,3,"Doyenne","Scenario 3",12,5.83262773050796
143,7,4,"Conference","Scenario 4",12,5.70084126718546
144,7,4,"Conference","Scenario 4",12,NA
145,7,4,"Conference","Scenario 4",12,5.50489954600257
146,7,4,"Conference","Scenario 4",12,6.1362725574877
147,7,4,"Conference","Scenario 4",12,6.09846549595991
148,7,4,"Conference","Scenario 4",12,NA
149,7,4,"Conference","Scenario 4",12,5.9392897272481
150,7,4,"Conference","Scenario 4",12,5.86719726985915
151,7,4,"Conference","Scenario 4",12,6.25088958172363
152,7,4,"Conference","Scenario 4",12,5.93278729971206
153,7,4,"Conference","Scenario 4",12,6.10106919056308
154,7,4,"Conference","Scenario 4",12,5.69263289445688
155,7,4,"Conference","Scenario 4",12,NA
156,7,4,"Conference","Scenario 4",12,6.2931245466682
157,7,4,"Conference","Scenario 4",12,5.80027393305178
158,7,4,"Conference","Scenario 4",12,6.1175060744274
159,7,4,"Conference","Scenario 4",12,5.25917321773639
160,7,4,"Conference","Scenario 4",12,5.81856512260222
161,7,4,"Conference","Scenario 4",12,NA
162,7,4,"Conference","Scenario 4",12,6.24910037535914
163,7,4,"Conference","Scenario 4",12,5.76476583336926
164,7,4,"Conference","Scenario 4",12,6.26857625814318
165,7,4,"Conference","Scenario 4",12,5.88832869963595
166,7,4,"Conference","Scenario 4",12,5.71809674678009
167,7,4,"Conference","Scenario 4",12,6.13334472975759
168,7,4,"Conference","Scenario 4",12,6.28580717524069
169,7,4,"Conference","Scenario 4",12,6.09956508464166
170,7,4,"Conference","Scenario 4",12,5.52528015909569
171,8,4,"Doyenne","Scenario 4",12,5.28177907109058
172,8,4,"Doyenne","Scenario 4",12,4.82426137089411
173,8,4,"Doyenne","Scenario 4",12,5.18626560198604
174,8,4,"Doyenne","Scenario 4",12,4.9583459772347
175,8,4,"Doyenne","Scenario 4",12,5.04268877378861
176,8,4,"Doyenne","Scenario 4",12,4.67273725309878
177,8,4,"Doyenne","Scenario 4",12,4.9238174479631
178,8,4,"Doyenne","Scenario 4",12,5.05248114455725
179,8,4,"Doyenne","Scenario 4",12,4.95096006378019
180,8,4,"Doyenne","Scenario 4",12,5.18205494200052
181,8,4,"Doyenne","Scenario 4",12,4.98247729184639
182,8,4,"Doyenne","Scenario 4",12,5.27345411879783
183,8,4,"Doyenne","Scenario 4",12,5.27113111212245
184,8,4,"Doyenne","Scenario 4",12,5.18681479094105
185,8,4,"Doyenne","Scenario 4",12,4.93099127021048
186,8,4,"Doyenne","Scenario 4",12,5.3381416452618
187,8,4,"Doyenne","Scenario 4",12,5.27567909608049
188,8,4,"Doyenne","Scenario 4",12,4.84155121469543
189,8,4,"Doyenne","Scenario 4",12,5.27330245898074
190,8,4,"Doyenne","Scenario 4",12,4.99319870605067
191,8,4,"Doyenne","Scenario 4",12,4.64098755854399
192,8,4,"Doyenne","Scenario 4",12,5.22627163266731
1,1,1,"Conference","Scenario 1",13,6.19887422250425
2,1,1,"Conference","Scenario 1",13,6.61049211648212
3,1,1,"Conference","Scenario 1",13,6.31355647890619
4,1,1,"Conference","Scenario 1",13,6.71795741089331
5,1,1,"Conference","Scenario 1",13,6.58183685707048
6,1,1,"Conference","Scenario 1",13,6.92292074264881
7,1,1,"Conference","Scenario 1",13,6.42021084071324
8,1,1,"Conference","Scenario 1",13,NA
9,1,1,"Conference","Scenario 1",13,6.47178741998421
10,1,1,"Conference","Scenario 1",13,6.37533443764521
11,1,1,"Conference","Scenario 1",13,6.61067652312071
12,1,1,"Conference","Scenario 1",13,7.08288763506766
13,1,1,"Conference","Scenario 1",13,6.74754486375409
14,1,1,"Conference","Scenario 1",13,6.29857079445753
15,1,1,"Conference","Scenario 1",13,6.42315352903427
16,1,1,"Conference","Scenario 1",13,6.30807131612641
17,1,1,"Conference","Scenario 1",13,6.32377017231494
18,1,1,"Conference","Scenario 1",13,6.56634257178851
19,1,1,"Conference","Scenario 1",13,6.80019565084244
20,1,1,"Conference","Scenario 1",13,6.47727575641091
21,1,1,"Conference","Scenario 1",13,6.71226248778233
22,1,1,"Conference","Scenario 1",13,6.52797255735293
23,1,1,"Conference","Scenario 1",13,5.84956120538355
24,1,1,"Conference","Scenario 1",13,5.90445117772533
25,2,1,"Doyenne","Scenario 1",13,4.90804123730725
26,2,1,"Doyenne","Scenario 1",13,5.51532206383326
27,2,1,"Doyenne","Scenario 1",13,5.61078197523273
28,2,1,"Doyenne","Scenario 1",13,5.1474043210495
29,2,1,"Doyenne","Scenario 1",13,5.34203176382157
30,2,1,"Doyenne","Scenario 1",13,5.06695804535313
31,2,1,"Doyenne","Scenario 1",13,5.27575451878996
32,2,1,"Doyenne","Scenario 1",13,4.94931598923715
33,2,1,"Doyenne","Scenario 1",13,5.33918711863002
34,2,1,"Doyenne","Scenario 1",13,5.4871512392747
35,2,1,"Doyenne","Scenario 1",13,5.04391768768139
36,2,1,"Doyenne","Scenario 1",13,5.12909099493103
37,2,1,"Doyenne","Scenario 1",13,4.6796337132897
38,2,1,"Doyenne","Scenario 1",13,5.38838450485474
39,2,1,"Doyenne","Scenario 1",13,4.86602005677767
40,2,1,"Doyenne","Scenario 1",13,5.77686411816174
41,2,1,"Doyenne","Scenario 1",13,5.36509944007372
42,2,1,"Doyenne","Scenario 1",13,5.38940966533071
43,2,1,"Doyenne","Scenario 1",13,5.2550721159264
44,2,1,"Doyenne","Scenario 1",13,5.75382665914397
45,2,1,"Doyenne","Scenario 1",13,5.09736582932617
46,2,1,"Doyenne","Scenario 1",13,5.55220365796005
47,2,1,"Doyenne","Scenario 1",13,5.57562763311035
48,2,1,"Doyenne","Scenario 1",13,4.88648405062162
49,2,1,"Doyenne","Scenario 1",13,5.49043441108446
50,3,2,"Conference","Scenario 2",13,6.51766484948079
51,3,2,"Conference","Scenario 2",13,7.57448521709315
52,3,2,"Conference","Scenario 2",13,6.97283376638863
53,3,2,"Conference","Scenario 2",13,7.41030569731744
54,3,2,"Conference","Scenario 2",13,7.05478614643349
55,3,2,"Conference","Scenario 2",13,7.42618052082415
56,3,2,"Conference","Scenario 2",13,7.1958293511473
57,3,2,"Conference","Scenario 2",13,6.71079317446883
58,3,2,"Conference","Scenario 2",13,7.09573438960503
59,3,2,"Conference","Scenario 2",13,6.69393618737074
60,3,2,"Conference","Scenario 2",13,7.18872559808697
61,3,2,"Conference","Scenario 2",13,7.92050617153022
62,3,2,"Conference","Scenario 2",13,6.7233194177369
63,3,2,"Conference","Scenario 2",13,6.50369486060409
64,3,2,"Conference","Scenario 2",13,6.93756985450246
65,3,2,"Conference","Scenario 2",13,6.83335038164467
66,3,2,"Conference","Scenario 2",13,7.39597483844044
67,3,2,"Conference","Scenario 2",13,7.12240920306841
68,3,2,"Conference","Scenario 2",13,6.72894373566677
69,3,2,"Conference","Scenario 2",13,6.94461236835047
70,3,2,"Conference","Scenario 2",13,7.02380513915189
71,4,2,"Doyenne","Scenario 2",13,6.24152492107772
72,4,2,"Doyenne","Scenario 2",13,6.01898651188075
73,4,2,"Doyenne","Scenario 2",13,5.80958004037914
74,4,2,"Doyenne","Scenario 2",13,6.16846648663503
75,4,2,"Doyenne","Scenario 2",13,NA
76,4,2,"Doyenne","Scenario 2",13,5.61675065867837
77,4,2,"Doyenne","Scenario 2",13,6.25789821410897
78,4,2,"Doyenne","Scenario 2",13,5.63997586861449
79,4,2,"Doyenne","Scenario 2",13,NA
80,4,2,"Doyenne","Scenario 2",13,5.32195414156589
81,4,2,"Doyenne","Scenario 2",13,NA
82,4,2,"Doyenne","Scenario 2",13,5.96045113502694
83,4,2,"Doyenne","Scenario 2",13,6.17811912863083
84,4,2,"Doyenne","Scenario 2",13,6.35750653966782
85,4,2,"Doyenne","Scenario 2",13,6.08142188246871
86,4,2,"Doyenne","Scenario 2",13,6.40419530621793
87,4,2,"Doyenne","Scenario 2",13,5.79491291989251
88,4,2,"Doyenne","Scenario 2",13,6.24538537884296
89,4,2,"Doyenne","Scenario 2",13,6.00917193163943
90,4,2,"Doyenne","Scenario 2",13,5.85127599354708
91,4,2,"Doyenne","Scenario 2",13,6.12300936941628
92,4,2,"Doyenne","Scenario 2",13,5.83226204255977
93,5,3,"Conference","Scenario 3",13,6.16594136691115
94,5,3,"Conference","Scenario 3",13,6.39297628847516
95,5,3,"Conference","Scenario 3",13,6.48777750260281
96,5,3,"Conference","Scenario 3",13,6.75402294250438
97,5,3,"Conference","Scenario 3",13,6.59121658509415
98,5,3,"Conference","Scenario 3",13,6.05543123824721
99,5,3,"Conference","Scenario 3",13,6.19965524815588
100,5,3,"Conference","Scenario 3",13,6.18914983656619
101,5,3,"Conference","Scenario 3",13,6.52582740647381
102,5,3,"Conference","Scenario 3",13,6.63244544058091
103,5,3,"Conference","Scenario 3",13,6.36178416252878
104,5,3,"Conference","Scenario 3",13,6.49684647040658
105,5,3,"Conference","Scenario 3",13,6.01577676861984
106,5,3,"Conference","Scenario 3",13,6.43145060048308
107,5,3,"Conference","Scenario 3",13,6.35702936387998
108,5,3,"Conference","Scenario 3",13,7.14614747623645
109,5,3,"Conference","Scenario 3",13,6.62315400770465
110,5,3,"Conference","Scenario 3",13,6.92158713116304
111,5,3,"Conference","Scenario 3",13,6.76272628119924
112,5,3,"Conference","Scenario 3",13,6.70154184210728
113,5,3,"Conference","Scenario 3",13,6.64557908994599
114,5,3,"Conference","Scenario 3",13,6.42007924632389
115,5,3,"Conference","Scenario 3",13,NA
116,5,3,"Conference","Scenario 3",13,6.25691286127115
117,5,3,"Conference","Scenario 3",13,6.66693856461817
118,5,3,"Conference","Scenario 3",13,6.518803705771
119,5,3,"Conference","Scenario 3",13,6.33901923810756
120,5,3,"Conference","Scenario 3",13,6.58098794915515
121,6,3,"Doyenne","Scenario 3",13,5.89828894603834
122,6,3,"Doyenne","Scenario 3",13,5.12882082848723
123,6,3,"Doyenne","Scenario 3",13,5.84022296598776
124,6,3,"Doyenne","Scenario 3",13,5.60762824731912
125,6,3,"Doyenne","Scenario 3",13,5.31607015825878
126,6,3,"Doyenne","Scenario 3",13,5.11486356692229
127,6,3,"Doyenne","Scenario 3",13,5.36405656215152
128,6,3,"Doyenne","Scenario 3",13,5.286189736021
129,6,3,"Doyenne","Scenario 3",13,5.23918576430973
130,6,3,"Doyenne","Scenario 3",13,5.65347952193865
131,6,3,"Doyenne","Scenario 3",13,5.76209143637922
132,6,3,"Doyenne","Scenario 3",13,5.19007669861794
133,6,3,"Doyenne","Scenario 3",13,5.73914394980986
134,6,3,"Doyenne","Scenario 3",13,5.03894853777504
135,6,3,"Doyenne","Scenario 3",13,5.51501427135834
136,6,3,"Doyenne","Scenario 3",13,5.68336436102074
137,6,3,"Doyenne","Scenario 3",13,5.12137776610892
138,6,3,"Doyenne","Scenario 3",13,5.34775930617365
139,6,3,"Doyenne","Scenario 3",13,5.28944646916798
140,6,3,"Doyenne","Scenario 3",13,NA
141,6,3,"Doyenne","Scenario 3",13,4.63817215858066
142,6,3,"Doyenne","Scenario 3",13,6.07504067268513
143,7,4,"Conference","Scenario 4",13,6.23154070096755
144,7,4,"Conference","Scenario 4",13,NA
145,7,4,"Conference","Scenario 4",13,5.78576747357055
146,7,4,"Conference","Scenario 4",13,6.38931615613261
147,7,4,"Conference","Scenario 4",13,6.28464416422123
148,7,4,"Conference","Scenario 4",13,NA
149,7,4,"Conference","Scenario 4",13,6.01262485675309
150,7,4,"Conference","Scenario 4",13,6.44928600457065
151,7,4,"Conference","Scenario 4",13,6.3358236139561
152,7,4,"Conference","Scenario 4",13,6.2973874470996
153,7,4,"Conference","Scenario 4",13,6.10379233267894
154,7,4,"Conference","Scenario 4",13,5.82335249952423
155,7,4,"Conference","Scenario 4",13,NA
156,7,4,"Conference","Scenario 4",13,6.31576778555259
157,7,4,"Conference","Scenario 4",13,5.94836949018284
158,7,4,"Conference","Scenario 4",13,6.2857681358157
159,7,4,"Conference","Scenario 4",13,5.5453435942405
160,7,4,"Conference","Scenario 4",13,6.01675133914702
161,7,4,"Conference","Scenario 4",13,NA
162,7,4,"Conference","Scenario 4",13,6.80233656794154
163,7,4,"Conference","Scenario 4",13,6.02316228072171
164,7,4,"Conference","Scenario 4",13,6.30930942427262
165,7,4,"Conference","Scenario 4",13,6.01623801801781
166,7,4,"Conference","Scenario 4",13,5.87642555586721
167,7,4,"Conference","Scenario 4",13,6.5073540792293
168,7,4,"Conference","Scenario 4",13,6.55189321174416
169,7,4,"Conference","Scenario 4",13,6.28736211431719
170,7,4,"Conference","Scenario 4",13,5.76090903669938
171,8,4,"Doyenne","Scenario 4",13,5.32900705669591
172,8,4,"Doyenne","Scenario 4",13,5.43018026754259
173,8,4,"Doyenne","Scenario 4",13,5.35325919447545
174,8,4,"Doyenne","Scenario 4",13,5.0880755305474
175,8,4,"Doyenne","Scenario 4",13,5.13314669426946
176,8,4,"Doyenne","Scenario 4",13,4.75755871055988
177,8,4,"Doyenne","Scenario 4",13,5.1612516369193
178,8,4,"Doyenne","Scenario 4",13,5.34744080383213
179,8,4,"Doyenne","Scenario 4",13,5.28994610717365
180,8,4,"Doyenne","Scenario 4",13,5.42730608239458
181,8,4,"Doyenne","Scenario 4",13,5.17515670825057
182,8,4,"Doyenne","Scenario 4",13,5.4562233148336
183,8,4,"Doyenne","Scenario 4",13,5.35771277436528
184,8,4,"Doyenne","Scenario 4",13,5.5036013343016
185,8,4,"Doyenne","Scenario 4",13,5.13589550762196
186,8,4,"Doyenne","Scenario 4",13,5.34153842871444
187,8,4,"Doyenne","Scenario 4",13,5.46353539814071
188,8,4,"Doyenne","Scenario 4",13,5.07244419658301
189,8,4,"Doyenne","Scenario 4",13,5.3400878868611
190,8,4,"Doyenne","Scenario 4",13,5.16826913511176
191,8,4,"Doyenne","Scenario 4",13,4.84928395573558
192,8,4,"Doyenne","Scenario 4",13,5.51823001607012
1,1,1,"Conference","Scenario 1",14,7.06118190462669
2,1,1,"Conference","Scenario 1",14,6.82087193653604
3,1,1,"Conference","Scenario 1",14,6.57136429627267
4,1,1,"Conference","Scenario 1",14,6.74991759928262
5,1,1,"Conference","Scenario 1",14,6.7244969036158
6,1,1,"Conference","Scenario 1",14,7.27596060650704
7,1,1,"Conference","Scenario 1",14,6.69838032937027
8,1,1,"Conference","Scenario 1",14,NA
9,1,1,"Conference","Scenario 1",14,6.73708310493274
10,1,1,"Conference","Scenario 1",14,6.53318427510732
11,1,1,"Conference","Scenario 1",14,7.03962072866029
12,1,1,"Conference","Scenario 1",14,7.31893444565167
13,1,1,"Conference","Scenario 1",14,7.09413530284589
14,1,1,"Conference","Scenario 1",14,6.57279585511871
15,1,1,"Conference","Scenario 1",14,6.60237440578395
16,1,1,"Conference","Scenario 1",14,6.91219057545908
17,1,1,"Conference","Scenario 1",14,6.49796617114927
18,1,1,"Conference","Scenario 1",14,6.73245731855851
19,1,1,"Conference","Scenario 1",14,6.81908114213341
20,1,1,"Conference","Scenario 1",14,6.87222597170071
21,1,1,"Conference","Scenario 1",14,6.78118664834609
22,1,1,"Conference","Scenario 1",14,7.21531990157136
23,1,1,"Conference","Scenario 1",14,6.35497863964973
24,1,1,"Conference","Scenario 1",14,6.13906835871829
25,2,1,"Doyenne","Scenario 1",14,4.94026668063579
26,2,1,"Doyenne","Scenario 1",14,5.58079679260767
27,2,1,"Doyenne","Scenario 1",14,5.8530913072593
28,2,1,"Doyenne","Scenario 1",14,5.31111829602914
29,2,1,"Doyenne","Scenario 1",14,5.58485414609916
30,2,1,"Doyenne","Scenario 1",14,5.39054653664441
31,2,1,"Doyenne","Scenario 1",14,5.55153319181562
32,2,1,"Doyenne","Scenario 1",14,5.76109175805818
33,2,1,"Doyenne","Scenario 1",14,5.69119852522329
34,2,1,"Doyenne","Scenario 1",14,5.51705869406792
35,2,1,"Doyenne","Scenario 1",14,5.46791848389282
36,2,1,"Doyenne","Scenario 1",14,5.59441222527233
37,2,1,"Doyenne","Scenario 1",14,4.86692602469252
38,2,1,"Doyenne","Scenario 1",14,5.42644177733936
39,2,1,"Doyenne","Scenario 1",14,5.26657334086656
40,2,1,"Doyenne","Scenario 1",14,5.89534312745158
41,2,1,"Doyenne","Scenario 1",14,5.50931818563498
42,2,1,"Doyenne","Scenario 1",14,5.65078482990187
43,2,1,"Doyenne","Scenario 1",14,5.46272700282744
44,2,1,"Doyenne","Scenario 1",14,5.8434136020222
45,2,1,"Doyenne","Scenario 1",14,5.14634073875287
46,2,1,"Doyenne","Scenario 1",14,5.82615461525212
47,2,1,"Doyenne","Scenario 1",14,5.6886913996593
48,2,1,"Doyenne","Scenario 1",14,4.90973085445154
49,2,1,"Doyenne","Scenario 1",14,5.85314826265265
50,3,2,"Conference","Scenario 2",14,6.76958004312394
51,3,2,"Conference","Scenario 2",14,7.59323422703063
52,3,2,"Conference","Scenario 2",14,7.10218965674553
53,3,2,"Conference","Scenario 2",14,7.72387086145498
54,3,2,"Conference","Scenario 2",14,7.11699897164064
55,3,2,"Conference","Scenario 2",14,7.64831384805631
56,3,2,"Conference","Scenario 2",14,7.24232136218501
57,3,2,"Conference","Scenario 2",14,7.63890816994426
58,3,2,"Conference","Scenario 2",14,7.16876952718497
59,3,2,"Conference","Scenario 2",14,7.21234584482524
60,3,2,"Conference","Scenario 2",14,7.37516705446529
61,3,2,"Conference","Scenario 2",14,8.13106831750157
62,3,2,"Conference","Scenario 2",14,6.90132415451772
63,3,2,"Conference","Scenario 2",14,7.57136998487132
64,3,2,"Conference","Scenario 2",14,7.82573034746402
65,3,2,"Conference","Scenario 2",14,7.00156494196787
66,3,2,"Conference","Scenario 2",14,7.82716646889992
67,3,2,"Conference","Scenario 2",14,7.38008992600086
68,3,2,"Conference","Scenario 2",14,6.93192402269687
69,3,2,"Conference","Scenario 2",14,7.77055535011186
70,3,2,"Conference","Scenario 2",14,7.38669525143551
71,4,2,"Doyenne","Scenario 2",14,6.54084698264675
72,4,2,"Doyenne","Scenario 2",14,6.43964943526326
73,4,2,"Doyenne","Scenario 2",14,5.84894366815791
74,4,2,"Doyenne","Scenario 2",14,6.19061516980997
75,4,2,"Doyenne","Scenario 2",14,NA
76,4,2,"Doyenne","Scenario 2",14,5.79949696325067
77,4,2,"Doyenne","Scenario 2",14,6.37503280387042
78,4,2,"Doyenne","Scenario 2",14,5.90988246608683
79,4,2,"Doyenne","Scenario 2",14,NA
80,4,2,"Doyenne","Scenario 2",14,5.45694938653154
81,4,2,"Doyenne","Scenario 2",14,NA
82,4,2,"Doyenne","Scenario 2",14,6.10642541509354
83,4,2,"Doyenne","Scenario 2",14,6.30841053268142
84,4,2,"Doyenne","Scenario 2",14,6.46325724558387
85,4,2,"Doyenne","Scenario 2",14,6.46491317020333
86,4,2,"Doyenne","Scenario 2",14,6.6696097815666
87,4,2,"Doyenne","Scenario 2",14,6.08081667317889
88,4,2,"Doyenne","Scenario 2",14,6.34387524606451
89,4,2,"Doyenne","Scenario 2",14,6.45229629827614
90,4,2,"Doyenne","Scenario 2",14,6.41110344679718
91,4,2,"Doyenne","Scenario 2",14,6.5878093600821
92,4,2,"Doyenne","Scenario 2",14,5.86751871384874
93,5,3,"Conference","Scenario 3",14,6.30026745797149
94,5,3,"Conference","Scenario 3",14,6.62836356040438
95,5,3,"Conference","Scenario 3",14,6.94041061536811
96,5,3,"Conference","Scenario 3",14,7.0156197423265
97,5,3,"Conference","Scenario 3",14,6.99295295240293
98,5,3,"Conference","Scenario 3",14,6.90633503573064
99,5,3,"Conference","Scenario 3",14,7.16111830329425
100,5,3,"Conference","Scenario 3",14,6.49272025710435
101,5,3,"Conference","Scenario 3",14,7.21401652062308
102,5,3,"Conference","Scenario 3",14,8.06557513608244
103,5,3,"Conference","Scenario 3",14,6.74945109479526
104,5,3,"Conference","Scenario 3",14,6.56405131182688
105,5,3,"Conference","Scenario 3",14,6.17253231547042
106,5,3,"Conference","Scenario 3",14,7.15389677397598
107,5,3,"Conference","Scenario 3",14,6.6104759077746
108,5,3,"Conference","Scenario 3",14,7.41471999924667
109,5,3,"Conference","Scenario 3",14,6.77965495124061
110,5,3,"Conference","Scenario 3",14,6.96187093748918
111,5,3,"Conference","Scenario 3",14,6.80580389025915
112,5,3,"Conference","Scenario 3",14,6.70950172000506
113,5,3,"Conference","Scenario 3",14,6.68079425391476
114,5,3,"Conference","Scenario 3",14,6.84758856993234
115,5,3,"Conference","Scenario 3",14,NA
116,5,3,"Conference","Scenario 3",14,6.85543182765782
117,5,3,"Conference","Scenario 3",14,6.99494511964103
118,5,3,"Conference","Scenario 3",14,7.18692106318014
119,5,3,"Conference","Scenario 3",14,7.2623766276437
120,5,3,"Conference","Scenario 3",14,6.84783998941644
121,6,3,"Doyenne","Scenario 3",14,6.02044659438367
122,6,3,"Doyenne","Scenario 3",14,5.50018720845448
123,6,3,"Doyenne","Scenario 3",14,6.12828310473249
124,6,3,"Doyenne","Scenario 3",14,5.87666376330832
125,6,3,"Doyenne","Scenario 3",14,5.45658065731525
126,6,3,"Doyenne","Scenario 3",14,5.42537851547692
127,6,3,"Doyenne","Scenario 3",14,5.49999754911589
128,6,3,"Doyenne","Scenario 3",14,5.36625349534791
129,6,3,"Doyenne","Scenario 3",14,5.42243596609436
130,6,3,"Doyenne","Scenario 3",14,5.771910151973
131,6,3,"Doyenne","Scenario 3",14,6.11255648835985
132,6,3,"Doyenne","Scenario 3",14,5.73263513831893
133,6,3,"Doyenne","Scenario 3",14,6.03614880942528
134,6,3,"Doyenne","Scenario 3",14,5.49658539188197
135,6,3,"Doyenne","Scenario 3",14,5.73128590470848
136,6,3,"Doyenne","Scenario 3",14,5.94955338720384
137,6,3,"Doyenne","Scenario 3",14,5.66217609632217
138,6,3,"Doyenne","Scenario 3",14,5.69283661655755
139,6,3,"Doyenne","Scenario 3",14,5.30734851415408
140,6,3,"Doyenne","Scenario 3",14,NA
141,6,3,"Doyenne","Scenario 3",14,5.51732809644307
142,6,3,"Doyenne","Scenario 3",14,6.31745361486229
143,7,4,"Conference","Scenario 4",14,6.72796967137769
144,7,4,"Conference","Scenario 4",14,NA
145,7,4,"Conference","Scenario 4",14,6.17749379179228
146,7,4,"Conference","Scenario 4",14,6.42645834394411
147,7,4,"Conference","Scenario 4",14,6.47082283248256
148,7,4,"Conference","Scenario 4",14,NA
149,7,4,"Conference","Scenario 4",14,6.16760787473037
150,7,4,"Conference","Scenario 4",14,6.82174733504503
151,7,4,"Conference","Scenario 4",14,6.69415480908187
152,7,4,"Conference","Scenario 4",14,6.65507031973082
153,7,4,"Conference","Scenario 4",14,6.35031642328582
154,7,4,"Conference","Scenario 4",14,5.95407210459157
155,7,4,"Conference","Scenario 4",14,NA
156,7,4,"Conference","Scenario 4",14,6.33841102443699
157,7,4,"Conference","Scenario 4",14,6.4627308748075
158,7,4,"Conference","Scenario 4",14,6.45403019720399
159,7,4,"Conference","Scenario 4",14,5.76799834169572
160,7,4,"Conference","Scenario 4",14,6.21493755569182
161,7,4,"Conference","Scenario 4",14,NA
162,7,4,"Conference","Scenario 4",14,6.83843452922455
163,7,4,"Conference","Scenario 4",14,6.40408042006818
164,7,4,"Conference","Scenario 4",14,6.35004259040207
165,7,4,"Conference","Scenario 4",14,6.18758398358731
166,7,4,"Conference","Scenario 4",14,6.13470453649586
167,7,4,"Conference","Scenario 4",14,6.58756244313691
168,7,4,"Conference","Scenario 4",14,6.62622510446791
169,7,4,"Conference","Scenario 4",14,6.47515914399272
170,7,4,"Conference","Scenario 4",14,6.13794567470627
171,8,4,"Doyenne","Scenario 4",14,5.37623504230124
172,8,4,"Doyenne","Scenario 4",14,5.52643822185415
173,8,4,"Doyenne","Scenario 4",14,5.52025278696487
174,8,4,"Doyenne","Scenario 4",14,5.21780508386009
175,8,4,"Doyenne","Scenario 4",14,5.22360461475031
176,8,4,"Doyenne","Scenario 4",14,4.99358112716678
177,8,4,"Doyenne","Scenario 4",14,5.49344126333103
178,8,4,"Doyenne","Scenario 4",14,5.642400463107
179,8,4,"Doyenne","Scenario 4",14,5.5026768779109
180,8,4,"Doyenne","Scenario 4",14,5.51222326372792
181,8,4,"Doyenne","Scenario 4",14,5.45206617133453
182,8,4,"Doyenne","Scenario 4",14,5.67574631958961
183,8,4,"Doyenne","Scenario 4",14,5.54518761752385
184,8,4,"Doyenne","Scenario 4",14,5.71040463277046
185,8,4,"Doyenne","Scenario 4",14,5.34079974503345
186,8,4,"Doyenne","Scenario 4",14,5.34493521216708
187,8,4,"Doyenne","Scenario 4",14,5.65139170020094
188,8,4,"Doyenne","Scenario 4",14,5.18398309946771
189,8,4,"Doyenne","Scenario 4",14,5.40687331474145
190,8,4,"Doyenne","Scenario 4",14,5.40737739492482
191,8,4,"Doyenne","Scenario 4",14,5.05758035292717
192,8,4,"Doyenne","Scenario 4",14,6.11013452496394
1,1,1,"Conference","Scenario 1",15,7.357663580257
2,1,1,"Conference","Scenario 1",15,7.76368709146105
3,1,1,"Conference","Scenario 1",15,6.82917211363915
4,1,1,"Conference","Scenario 1",15,6.78187778767192
5,1,1,"Conference","Scenario 1",15,6.86715695016112
6,1,1,"Conference","Scenario 1",15,7.57751474049069
7,1,1,"Conference","Scenario 1",15,6.9765498180273
8,1,1,"Conference","Scenario 1",15,NA
9,1,1,"Conference","Scenario 1",15,6.93802787897198
10,1,1,"Conference","Scenario 1",15,6.69103411256943
11,1,1,"Conference","Scenario 1",15,7.2810665455056
12,1,1,"Conference","Scenario 1",15,7.53224108687462
13,1,1,"Conference","Scenario 1",15,7.60284774123445
14,1,1,"Conference","Scenario 1",15,6.70508123691534
15,1,1,"Conference","Scenario 1",15,6.99642932419604
16,1,1,"Conference","Scenario 1",15,7.22768380146109
17,1,1,"Conference","Scenario 1",15,6.58017798601242
18,1,1,"Conference","Scenario 1",15,7.36827233858988
19,1,1,"Conference","Scenario 1",15,6.83796663342438
20,1,1,"Conference","Scenario 1",15,6.99581684398924
21,1,1,"Conference","Scenario 1",15,6.85011080890985
22,1,1,"Conference","Scenario 1",15,7.25110724078112
23,1,1,"Conference","Scenario 1",15,6.81533887720412
24,1,1,"Conference","Scenario 1",15,6.37368553971126
25,2,1,"Doyenne","Scenario 1",15,5.39620292931624
26,2,1,"Doyenne","Scenario 1",15,6.37213111684029
27,2,1,"Doyenne","Scenario 1",15,6.08232312077597
28,2,1,"Doyenne","Scenario 1",15,5.93771499836368
29,2,1,"Doyenne","Scenario 1",15,5.82767652837675
30,2,1,"Doyenne","Scenario 1",15,5.4251105066752
31,2,1,"Doyenne","Scenario 1",15,5.82731186484128
32,2,1,"Doyenne","Scenario 1",15,NA
33,2,1,"Doyenne","Scenario 1",15,6.04320993181656
34,2,1,"Doyenne","Scenario 1",15,5.54696614886115
35,2,1,"Doyenne","Scenario 1",15,5.5678375132267
36,2,1,"Doyenne","Scenario 1",15,NA
37,2,1,"Doyenne","Scenario 1",15,5.05421833609534
38,2,1,"Doyenne","Scenario 1",15,5.46449904982398
39,2,1,"Doyenne","Scenario 1",15,5.49369991648375
40,2,1,"Doyenne","Scenario 1",15,6.01382213674142
41,2,1,"Doyenne","Scenario 1",15,6.36638146607265
42,2,1,"Doyenne","Scenario 1",15,5.91215999447303
43,2,1,"Doyenne","Scenario 1",15,6.14157031689128
44,2,1,"Doyenne","Scenario 1",15,5.8985950118078
45,2,1,"Doyenne","Scenario 1",15,5.47316951599937
46,2,1,"Doyenne","Scenario 1",15,6.10010557254419
47,2,1,"Doyenne","Scenario 1",15,5.79663483912056
48,2,1,"Doyenne","Scenario 1",15,NA
49,2,1,"Doyenne","Scenario 1",15,6.48357114808332
50,3,2,"Conference","Scenario 2",15,7.02149523676709
51,3,2,"Conference","Scenario 2",15,8.29139669862087
52,3,2,"Conference","Scenario 2",15,8.05531421462074
53,3,2,"Conference","Scenario 2",15,7.83109651841181
54,3,2,"Conference","Scenario 2",15,7.285900847674
55,3,2,"Conference","Scenario 2",15,7.9175024852886
56,3,2,"Conference","Scenario 2",15,7.31992565815963
57,3,2,"Conference","Scenario 2",15,7.81581055315826
58,3,2,"Conference","Scenario 2",15,7.32676191576669
59,3,2,"Conference","Scenario 2",15,8.13263496804943
60,3,2,"Conference","Scenario 2",15,7.87127993256328
61,3,2,"Conference","Scenario 2",15,8.29186894263054
62,3,2,"Conference","Scenario 2",15,7.50615941871254
63,3,2,"Conference","Scenario 2",15,7.8735157441577
64,3,2,"Conference","Scenario 2",15,7.87417308406002
65,3,2,"Conference","Scenario 2",15,7.38765727219727
66,3,2,"Conference","Scenario 2",15,8.2583580993594
67,3,2,"Conference","Scenario 2",15,7.69770875729827
68,3,2,"Conference","Scenario 2",15,7.56402126506768
69,3,2,"Conference","Scenario 2",15,7.78436267298858
70,3,2,"Conference","Scenario 2",15,7.4082093918797
71,4,2,"Doyenne","Scenario 2",15,6.66682135730721
72,4,2,"Doyenne","Scenario 2",15,6.75045353018044
73,4,2,"Doyenne","Scenario 2",15,5.96597669421045
74,4,2,"Doyenne","Scenario 2",15,6.6533570300276
75,4,2,"Doyenne","Scenario 2",15,NA
76,4,2,"Doyenne","Scenario 2",15,5.98224326782298
77,4,2,"Doyenne","Scenario 2",15,6.42352610701641
78,4,2,"Doyenne","Scenario 2",15,6.30950102721296
79,4,2,"Doyenne","Scenario 2",15,NA
80,4,2,"Doyenne","Scenario 2",15,5.94245955774999
81,4,2,"Doyenne","Scenario 2",15,NA
82,4,2,"Doyenne","Scenario 2",15,6.38086802837061
83,4,2,"Doyenne","Scenario 2",15,6.65178930546529
84,4,2,"Doyenne","Scenario 2",15,7.08194774157031
85,4,2,"Doyenne","Scenario 2",15,6.53825929091747
86,4,2,"Doyenne","Scenario 2",15,6.93502425691527
87,4,2,"Doyenne","Scenario 2",15,6.33845297017457
88,4,2,"Doyenne","Scenario 2",15,6.94274963409258
89,4,2,"Doyenne","Scenario 2",15,6.53432169625983
90,4,2,"Doyenne","Scenario 2",15,6.57084408929283
91,4,2,"Doyenne","Scenario 2",15,7.16799392939175
92,4,2,"Doyenne","Scenario 2",15,6.1634295562012
93,5,3,"Conference","Scenario 3",15,6.82735163227569
94,5,3,"Conference","Scenario 3",15,6.86375083233359
95,5,3,"Conference","Scenario 3",15,7.3930437281334
96,5,3,"Conference","Scenario 3",15,7.27721654214862
97,5,3,"Conference","Scenario 3",15,7.24130127913528
98,5,3,"Conference","Scenario 3",15,7.31679271246659
99,5,3,"Conference","Scenario 3",15,7.57614047465825
100,5,3,"Conference","Scenario 3",15,6.73761276207436
101,5,3,"Conference","Scenario 3",15,7.47610943141548
102,5,3,"Conference","Scenario 3",15,8.23743272766652
103,5,3,"Conference","Scenario 3",15,7.26434523525005
104,5,3,"Conference","Scenario 3",15,6.98118735697364
105,5,3,"Conference","Scenario 3",15,6.36715556176881
106,5,3,"Conference","Scenario 3",15,7.54058982809615
107,5,3,"Conference","Scenario 3",15,7.12322805243238
108,5,3,"Conference","Scenario 3",15,7.46308592648807
109,5,3,"Conference","Scenario 3",15,6.93615589477657
110,5,3,"Conference","Scenario 3",15,7.00215474381532
111,5,3,"Conference","Scenario 3",15,7.83463187440711
112,5,3,"Conference","Scenario 3",15,7.29456266638211
113,5,3,"Conference","Scenario 3",15,6.71600941788353
114,5,3,"Conference","Scenario 3",15,7.14847807506481
115,5,3,"Conference","Scenario 3",15,NA
116,5,3,"Conference","Scenario 3",15,7.13193442228104
117,5,3,"Conference","Scenario 3",15,7.12713707607347
118,5,3,"Conference","Scenario 3",15,7.24092212120776
119,5,3,"Conference","Scenario 3",15,7.27058622857427
120,5,3,"Conference","Scenario 3",15,7.37544943982919
121,6,3,"Doyenne","Scenario 3",15,6.142604242729
122,6,3,"Doyenne","Scenario 3",15,5.53312724128796
123,6,3,"Doyenne","Scenario 3",15,6.40589927872332
124,6,3,"Doyenne","Scenario 3",15,5.98566835140778
125,6,3,"Doyenne","Scenario 3",15,5.59847045630763
126,6,3,"Doyenne","Scenario 3",15,5.54773979744509
127,6,3,"Doyenne","Scenario 3",15,5.63593853608027
128,6,3,"Doyenne","Scenario 3",15,5.7928047850885
129,6,3,"Doyenne","Scenario 3",15,5.60568616787899
130,6,3,"Doyenne","Scenario 3",15,5.83420481891902
131,6,3,"Doyenne","Scenario 3",15,6.46302154034048
132,6,3,"Doyenne","Scenario 3",15,5.84715849994149
133,6,3,"Doyenne","Scenario 3",15,6.33315366904069
134,6,3,"Doyenne","Scenario 3",15,5.98220579795822
135,6,3,"Doyenne","Scenario 3",15,5.94755753805862
136,6,3,"Doyenne","Scenario 3",15,6.07673286141272
137,6,3,"Doyenne","Scenario 3",15,6.07476290303131
138,6,3,"Doyenne","Scenario 3",15,6.03791392694144
139,6,3,"Doyenne","Scenario 3",15,5.90333560568537
140,6,3,"Doyenne","Scenario 3",15,NA
141,6,3,"Doyenne","Scenario 3",15,5.52319711345189
142,6,3,"Doyenne","Scenario 3",15,6.34288706281418
143,7,4,"Conference","Scenario 4",15,7.07018042977745
144,7,4,"Conference","Scenario 4",15,NA
145,7,4,"Conference","Scenario 4",15,6.48384426314728
146,7,4,"Conference","Scenario 4",15,6.86009787660911
147,7,4,"Conference","Scenario 4",15,6.65700150074388
148,7,4,"Conference","Scenario 4",15,NA
149,7,4,"Conference","Scenario 4",15,6.51265218326644
150,7,4,"Conference","Scenario 4",15,6.92880717076807
151,7,4,"Conference","Scenario 4",15,6.84528856021695
152,7,4,"Conference","Scenario 4",15,7.01275319236204
153,7,4,"Conference","Scenario 4",15,7.25634347398671
154,7,4,"Conference","Scenario 4",15,6.19519244130772
155,7,4,"Conference","Scenario 4",15,NA
156,7,4,"Conference","Scenario 4",15,6.81072072172344
157,7,4,"Conference","Scenario 4",15,7.16891998719678
158,7,4,"Conference","Scenario 4",15,6.5973544878806
159,7,4,"Conference","Scenario 4",15,6.23474912701963
160,7,4,"Conference","Scenario 4",15,7.06952021481139
161,7,4,"Conference","Scenario 4",15,NA
162,7,4,"Conference","Scenario 4",15,6.87453249050757
163,7,4,"Conference","Scenario 4",15,7.06494551586397
164,7,4,"Conference","Scenario 4",15,6.39077575653151
165,7,4,"Conference","Scenario 4",15,6.47118889546693
166,7,4,"Conference","Scenario 4",15,6.52682276455892
167,7,4,"Conference","Scenario 4",15,6.798868285262
168,7,4,"Conference","Scenario 4",15,6.70055699719166
169,7,4,"Conference","Scenario 4",15,6.79866990967521
170,7,4,"Conference","Scenario 4",15,6.18347027190158
171,8,4,"Doyenne","Scenario 4",15,5.42346302790657
172,8,4,"Doyenne","Scenario 4",15,5.62269617616571
173,8,4,"Doyenne","Scenario 4",15,5.87845690602931
174,8,4,"Doyenne","Scenario 4",15,5.41942593507309
175,8,4,"Doyenne","Scenario 4",15,5.92929816846108
176,8,4,"Doyenne","Scenario 4",15,5.51382209879566
177,8,4,"Doyenne","Scenario 4",15,5.80265986880245
178,8,4,"Doyenne","Scenario 4",15,6.03184284867305
179,8,4,"Doyenne","Scenario 4",15,5.57963696750508
180,8,4,"Doyenne","Scenario 4",15,5.63178478525743
181,8,4,"Doyenne","Scenario 4",15,5.6882397545621
182,8,4,"Doyenne","Scenario 4",15,5.79640334505857
183,8,4,"Doyenne","Scenario 4",15,5.73266246068241
184,8,4,"Doyenne","Scenario 4",15,5.91720793123931
185,8,4,"Doyenne","Scenario 4",15,5.62084068716635
186,8,4,"Doyenne","Scenario 4",15,5.34833199561971
187,8,4,"Doyenne","Scenario 4",15,5.75939739190019
188,8,4,"Doyenne","Scenario 4",15,5.29552200235241
189,8,4,"Doyenne","Scenario 4",15,5.45289501501424
190,8,4,"Doyenne","Scenario 4",15,6.12857165846674
191,8,4,"Doyenne","Scenario 4",15,5.07312466497543
192,8,4,"Doyenne","Scenario 4",15,6.19204400602333
1,1,1,"Conference","Scenario 1",16,7.57016611888203
2,1,1,"Conference","Scenario 1",16,8.02933738403045
3,1,1,"Conference","Scenario 1",16,7.08697993100563
4,1,1,"Conference","Scenario 1",16,6.81383797606123
5,1,1,"Conference","Scenario 1",16,6.89026495402451
6,1,1,"Conference","Scenario 1",16,7.87906887447433
7,1,1,"Conference","Scenario 1",16,7.0278360089437
8,1,1,"Conference","Scenario 1",16,NA
9,1,1,"Conference","Scenario 1",16,7.05778917471919
10,1,1,"Conference","Scenario 1",16,7.07619333603926
11,1,1,"Conference","Scenario 1",16,7.52251236235092
12,1,1,"Conference","Scenario 1",16,7.74554772809756
13,1,1,"Conference","Scenario 1",16,7.74326483061982
14,1,1,"Conference","Scenario 1",16,7.09898248906773
15,1,1,"Conference","Scenario 1",16,7.39048424260812
16,1,1,"Conference","Scenario 1",16,7.72460446525765
17,1,1,"Conference","Scenario 1",16,7.37184695908542
18,1,1,"Conference","Scenario 1",16,7.54867051364538
19,1,1,"Conference","Scenario 1",16,7.54743179789975
20,1,1,"Conference","Scenario 1",16,7.35054276286893
21,1,1,"Conference","Scenario 1",16,6.91903496947362
22,1,1,"Conference","Scenario 1",16,7.28689457999088
23,1,1,"Conference","Scenario 1",16,7.6427971602145
24,1,1,"Conference","Scenario 1",16,6.83072314363282
25,2,1,"Doyenne","Scenario 1",16,5.74730004461835
26,2,1,"Doyenne","Scenario 1",16,6.48598231139581
27,2,1,"Doyenne","Scenario 1",16,6.31155493429265
28,2,1,"Doyenne","Scenario 1",16,6.03507274376292
29,2,1,"Doyenne","Scenario 1",16,6.04222092101045
30,2,1,"Doyenne","Scenario 1",16,5.83988567335516
31,2,1,"Doyenne","Scenario 1",16,5.8283073039042
32,2,1,"Doyenne","Scenario 1",16,NA
33,2,1,"Doyenne","Scenario 1",16,6.12480682947855
34,2,1,"Doyenne","Scenario 1",16,5.57687360365437
35,2,1,"Doyenne","Scenario 1",16,5.66775654256059
36,2,1,"Doyenne","Scenario 1",16,NA
37,2,1,"Doyenne","Scenario 1",16,5.64763013289283
38,2,1,"Doyenne","Scenario 1",16,5.5025563223086
39,2,1,"Doyenne","Scenario 1",16,5.66876415558858
40,2,1,"Doyenne","Scenario 1",16,6.74302539957184
41,2,1,"Doyenne","Scenario 1",16,6.43250236857711
42,2,1,"Doyenne","Scenario 1",16,6.34365416943765
43,2,1,"Doyenne","Scenario 1",16,6.36749338415705
44,2,1,"Doyenne","Scenario 1",16,5.9537764215934
45,2,1,"Doyenne","Scenario 1",16,5.52553994285776
46,2,1,"Doyenne","Scenario 1",16,6.27639578845949
47,2,1,"Doyenne","Scenario 1",16,5.90457827858181
48,2,1,"Doyenne","Scenario 1",16,NA
49,2,1,"Doyenne","Scenario 1",16,6.54501787402361
50,3,2,"Conference","Scenario 2",16,7.47186893367062
51,3,2,"Conference","Scenario 2",16,8.64622621645897
52,3,2,"Conference","Scenario 2",16,8.11269384726986
53,3,2,"Conference","Scenario 2",16,7.93832217536864
54,3,2,"Conference","Scenario 2",16,7.90177172651993
55,3,2,"Conference","Scenario 2",16,8.25534895297453
56,3,2,"Conference","Scenario 2",16,8.09021262419993
57,3,2,"Conference","Scenario 2",16,7.99271293637226
58,3,2,"Conference","Scenario 2",16,8.18210610928981
59,3,2,"Conference","Scenario 2",16,8.24148616424326
60,3,2,"Conference","Scenario 2",16,8.36739281066128
61,3,2,"Conference","Scenario 2",16,8.4526695677595
62,3,2,"Conference","Scenario 2",16,7.91975338342887
63,3,2,"Conference","Scenario 2",16,8.17566150344408
64,3,2,"Conference","Scenario 2",16,8.28386229954561
65,3,2,"Conference","Scenario 2",16,7.88200287135973
66,3,2,"Conference","Scenario 2",16,8.76703600981732
67,3,2,"Conference","Scenario 2",16,7.98013627833944
68,3,2,"Conference","Scenario 2",16,7.65079671320173
69,3,2,"Conference","Scenario 2",16,8.2606484771519
70,3,2,"Conference","Scenario 2",16,8.05220713016537
71,4,2,"Doyenne","Scenario 2",16,6.95993959398441
72,4,2,"Doyenne","Scenario 2",16,6.88972344711686
73,4,2,"Doyenne","Scenario 2",16,6.08300972026298
74,4,2,"Doyenne","Scenario 2",16,7.24694614765575
75,4,2,"Doyenne","Scenario 2",16,NA
76,4,2,"Doyenne","Scenario 2",16,6.38262205390798
77,4,2,"Doyenne","Scenario 2",16,7.30050620109975
78,4,2,"Doyenne","Scenario 2",16,6.65697725576639
79,4,2,"Doyenne","Scenario 2",16,NA
80,4,2,"Doyenne","Scenario 2",16,6.42796972896844
81,4,2,"Doyenne","Scenario 2",16,NA
82,4,2,"Doyenne","Scenario 2",16,6.44469755554788
83,4,2,"Doyenne","Scenario 2",16,6.99516807824916
84,4,2,"Doyenne","Scenario 2",16,7.41724394737214
85,4,2,"Doyenne","Scenario 2",16,6.8829283206339
86,4,2,"Doyenne","Scenario 2",16,7.027092572905
87,4,2,"Doyenne","Scenario 2",16,7.31782734437962
88,4,2,"Doyenne","Scenario 2",16,7.06743610080884
89,4,2,"Doyenne","Scenario 2",16,6.61634709424352
90,4,2,"Doyenne","Scenario 2",16,6.75307610726326
91,4,2,"Doyenne","Scenario 2",16,7.25224504040526
92,4,2,"Doyenne","Scenario 2",16,6.82844766848762
93,5,3,"Conference","Scenario 3",16,7.11450333058259
94,5,3,"Conference","Scenario 3",16,6.91800138045751
95,5,3,"Conference","Scenario 3",16,7.78537958693378
96,5,3,"Conference","Scenario 3",16,7.40200407513619
97,5,3,"Conference","Scenario 3",16,7.75372889338648
98,5,3,"Conference","Scenario 3",16,7.77957668652271
99,5,3,"Conference","Scenario 3",16,7.85378065836931
100,5,3,"Conference","Scenario 3",16,6.98250526704437
101,5,3,"Conference","Scenario 3",16,7.8445117798084
102,5,3,"Conference","Scenario 3",16,8.40929031925061
103,5,3,"Conference","Scenario 3",16,7.44294617988797
104,5,3,"Conference","Scenario 3",16,7.3983234021204
105,5,3,"Conference","Scenario 3",16,6.56177880806721
106,5,3,"Conference","Scenario 3",16,7.77786537438023
107,5,3,"Conference","Scenario 3",16,7.46901712950929
108,5,3,"Conference","Scenario 3",16,7.51145185372948
109,5,3,"Conference","Scenario 3",16,7.51641555847452
110,5,3,"Conference","Scenario 3",16,7.16038077010718
111,5,3,"Conference","Scenario 3",16,7.87122282004124
112,5,3,"Conference","Scenario 3",16,7.38049095693125
113,5,3,"Conference","Scenario 3",16,6.75122458185231
114,5,3,"Conference","Scenario 3",16,7.31673591333837
115,5,3,"Conference","Scenario 3",16,NA
116,5,3,"Conference","Scenario 3",16,7.61555881510716
117,5,3,"Conference","Scenario 3",16,7.58408921636833
118,5,3,"Conference","Scenario 3",16,7.29492317923538
119,5,3,"Conference","Scenario 3",16,7.73800996680066
120,5,3,"Conference","Scenario 3",16,7.50611436272122
121,6,3,"Doyenne","Scenario 3",16,6.60861829855364
122,6,3,"Doyenne","Scenario 3",16,5.56606727412143
123,6,3,"Doyenne","Scenario 3",16,6.68351545271415
124,6,3,"Doyenne","Scenario 3",16,6.02806963945305
125,6,3,"Doyenne","Scenario 3",16,5.99390802682152
126,6,3,"Doyenne","Scenario 3",16,6.4872875997451
127,6,3,"Doyenne","Scenario 3",16,6.09717557028738
128,6,3,"Doyenne","Scenario 3",16,6.21935607482909
129,6,3,"Doyenne","Scenario 3",16,6.24323323070525
130,6,3,"Doyenne","Scenario 3",16,5.84778623256024
131,6,3,"Doyenne","Scenario 3",16,6.50768236198927
132,6,3,"Doyenne","Scenario 3",16,6.16335971346653
133,6,3,"Doyenne","Scenario 3",16,6.48867038138017
134,6,3,"Doyenne","Scenario 3",16,6.14692517000465
135,6,3,"Doyenne","Scenario 3",16,6.19960971144033
136,6,3,"Doyenne","Scenario 3",16,6.20391233562159
137,6,3,"Doyenne","Scenario 3",16,6.29395487559085
138,6,3,"Doyenne","Scenario 3",16,6.16994329824567
139,6,3,"Doyenne","Scenario 3",16,6.45040358828379
140,6,3,"Doyenne","Scenario 3",16,NA
141,6,3,"Doyenne","Scenario 3",16,5.5290661304607
142,6,3,"Doyenne","Scenario 3",16,6.42291604437426
143,7,4,"Conference","Scenario 4",16,7.32504372461843
144,7,4,"Conference","Scenario 4",16,NA
145,7,4,"Conference","Scenario 4",16,6.64749121522772
146,7,4,"Conference","Scenario 4",16,7.1888093622755
147,7,4,"Conference","Scenario 4",16,6.81237650694824
148,7,4,"Conference","Scenario 4",16,NA
149,7,4,"Conference","Scenario 4",16,6.75559900184865
150,7,4,"Conference","Scenario 4",16,7.0358670064911
151,7,4,"Conference","Scenario 4",16,7.59520410899904
152,7,4,"Conference","Scenario 4",16,7.11987915989958
153,7,4,"Conference","Scenario 4",16,7.60375932792189
154,7,4,"Conference","Scenario 4",16,6.66394908411544
155,7,4,"Conference","Scenario 4",16,NA
156,7,4,"Conference","Scenario 4",16,7.20147446601042
157,7,4,"Conference","Scenario 4",16,7.27652988732769
158,7,4,"Conference","Scenario 4",16,6.7406787785572
159,7,4,"Conference","Scenario 4",16,6.66486246791721
160,7,4,"Conference","Scenario 4",16,7.23659758989843
161,7,4,"Conference","Scenario 4",16,NA
162,7,4,"Conference","Scenario 4",16,6.91063045179059
163,7,4,"Conference","Scenario 4",16,7.72581061165977
164,7,4,"Conference","Scenario 4",16,6.67270760682377
165,7,4,"Conference","Scenario 4",16,6.75479380734655
166,7,4,"Conference","Scenario 4",16,6.62731403967713
167,7,4,"Conference","Scenario 4",16,7.56254201244001
168,7,4,"Conference","Scenario 4",16,6.95253552598824
169,7,4,"Conference","Scenario 4",16,7.24800641427568
170,7,4,"Conference","Scenario 4",16,6.72095044747745
171,8,4,"Doyenne","Scenario 4",16,5.68125435446763
172,8,4,"Doyenne","Scenario 4",16,5.71895413047728
173,8,4,"Doyenne","Scenario 4",16,6.17318188529999
174,8,4,"Doyenne","Scenario 4",16,5.62104678628609
175,8,4,"Doyenne","Scenario 4",16,5.94138195582287
176,8,4,"Doyenne","Scenario 4",16,5.65229969366541
177,8,4,"Doyenne","Scenario 4",16,6.11187847427387
178,8,4,"Doyenne","Scenario 4",16,6.10580796429151
179,8,4,"Doyenne","Scenario 4",16,5.92942476608735
180,8,4,"Doyenne","Scenario 4",16,5.75134630678693
181,8,4,"Doyenne","Scenario 4",16,5.80847637381287
182,8,4,"Doyenne","Scenario 4",16,5.91706037052754
183,8,4,"Doyenne","Scenario 4",16,5.92013730384098
184,8,4,"Doyenne","Scenario 4",16,6.22480760634481
185,8,4,"Doyenne","Scenario 4",16,5.90088162929925
186,8,4,"Doyenne","Scenario 4",16,5.35172877907235
187,8,4,"Doyenne","Scenario 4",16,5.86740308359944
188,8,4,"Doyenne","Scenario 4",16,5.4070609052371
189,8,4,"Doyenne","Scenario 4",16,5.92454126992981
190,8,4,"Doyenne","Scenario 4",16,6.14510646129422
191,8,4,"Doyenne","Scenario 4",16,5.66380576669864
192,8,4,"Doyenne","Scenario 4",16,6.27395348708271
1,1,1,"Conference","Scenario 1",17,7.73643862596721
2,1,1,"Conference","Scenario 1",17,8.29498767659986
3,1,1,"Conference","Scenario 1",17,7.65677664766653
4,1,1,"Conference","Scenario 1",17,6.92065994315818
5,1,1,"Conference","Scenario 1",17,7.66300736333219
6,1,1,"Conference","Scenario 1",17,7.98972052929164
7,1,1,"Conference","Scenario 1",17,7.07912219986011
8,1,1,"Conference","Scenario 1",17,NA
9,1,1,"Conference","Scenario 1",17,7.17755047046639
10,1,1,"Conference","Scenario 1",17,7.97930401878953
11,1,1,"Conference","Scenario 1",17,7.5854511543562
12,1,1,"Conference","Scenario 1",17,7.9092731275108
13,1,1,"Conference","Scenario 1",17,7.88368192000519
14,1,1,"Conference","Scenario 1",17,7.55917012814043
15,1,1,"Conference","Scenario 1",17,7.68210315349924
16,1,1,"Conference","Scenario 1",17,8.47277829222536
17,1,1,"Conference","Scenario 1",17,7.65035422642218
18,1,1,"Conference","Scenario 1",17,7.72906868870088
19,1,1,"Conference","Scenario 1",17,7.59786432263073
20,1,1,"Conference","Scenario 1",17,7.62301235459371
21,1,1,"Conference","Scenario 1",17,7.35091436678163
22,1,1,"Conference","Scenario 1",17,7.32268191920064
23,1,1,"Conference","Scenario 1",17,7.8416739696228
24,1,1,"Conference","Scenario 1",17,7.01859981194704
25,2,1,"Doyenne","Scenario 1",17,6.09839715992045
26,2,1,"Doyenne","Scenario 1",17,6.59983350595133
27,2,1,"Doyenne","Scenario 1",17,6.37837527717118
28,2,1,"Doyenne","Scenario 1",17,6.13243048916216
29,2,1,"Doyenne","Scenario 1",17,6.25676531364415
30,2,1,"Doyenne","Scenario 1",17,6.46465291803011
31,2,1,"Doyenne","Scenario 1",17,5.82930274296712
32,2,1,"Doyenne","Scenario 1",17,NA
33,2,1,"Doyenne","Scenario 1",17,6.20640372714053
34,2,1,"Doyenne","Scenario 1",17,5.91852649336966
35,2,1,"Doyenne","Scenario 1",17,5.88052142435807
36,2,1,"Doyenne","Scenario 1",17,NA
37,2,1,"Doyenne","Scenario 1",17,5.67419571180963
38,2,1,"Doyenne","Scenario 1",17,5.82993408137279
39,2,1,"Doyenne","Scenario 1",17,6.36165114325436
40,2,1,"Doyenne","Scenario 1",17,6.75038175107845
41,2,1,"Doyenne","Scenario 1",17,6.49862327108156
42,2,1,"Doyenne","Scenario 1",17,6.83061246907626
43,2,1,"Doyenne","Scenario 1",17,6.59341645142281
44,2,1,"Doyenne","Scenario 1",17,6.90763989970891
45,2,1,"Doyenne","Scenario 1",17,6.0156471159996
46,2,1,"Doyenne","Scenario 1",17,6.4526860043748
47,2,1,"Doyenne","Scenario 1",17,5.97783789916609
48,2,1,"Doyenne","Scenario 1",17,NA
49,2,1,"Doyenne","Scenario 1",17,6.60646459996389
50,3,2,"Conference","Scenario 2",17,7.74790189353134
51,3,2,"Conference","Scenario 2",17,9.00105573429707
52,3,2,"Conference","Scenario 2",17,8.17007347991897
53,3,2,"Conference","Scenario 2",17,7.99560191641074
54,3,2,"Conference","Scenario 2",17,8.72991852397315
55,3,2,"Conference","Scenario 2",17,8.82718007657652
56,3,2,"Conference","Scenario 2",17,8.48658064734573
57,3,2,"Conference","Scenario 2",17,8.03805609188146
58,3,2,"Conference","Scenario 2",17,8.44924730053236
59,3,2,"Conference","Scenario 2",17,8.35033736043709
60,3,2,"Conference","Scenario 2",17,8.68829018308265
61,3,2,"Conference","Scenario 2",17,9.14261182049842
62,3,2,"Conference","Scenario 2",17,8.48547678122895
63,3,2,"Conference","Scenario 2",17,8.47780726273047
64,3,2,"Conference","Scenario 2",17,9.24716135727259
65,3,2,"Conference","Scenario 2",17,8.10784322118355
66,3,2,"Conference","Scenario 2",17,9.27571392027524
67,3,2,"Conference","Scenario 2",17,8.14311413792709
68,3,2,"Conference","Scenario 2",17,8.02544133210005
69,3,2,"Conference","Scenario 2",17,8.73693428131521
70,3,2,"Conference","Scenario 2",17,8.25187751850571
71,4,2,"Doyenne","Scenario 2",17,7.09196734037987
72,4,2,"Doyenne","Scenario 2",17,7.02899336405328
73,4,2,"Doyenne","Scenario 2",17,6.95144392933353
74,4,2,"Doyenne","Scenario 2",17,7.81654677911183
75,4,2,"Doyenne","Scenario 2",17,NA
76,4,2,"Doyenne","Scenario 2",17,6.76039259540911
77,4,2,"Doyenne","Scenario 2",17,7.80391373065166
78,4,2,"Doyenne","Scenario 2",17,6.8053676247271
79,4,2,"Doyenne","Scenario 2",17,NA
80,4,2,"Doyenne","Scenario 2",17,6.93259891217553
81,4,2,"Doyenne","Scenario 2",17,NA
82,4,2,"Doyenne","Scenario 2",17,6.60674446683688
83,4,2,"Doyenne","Scenario 2",17,7.19592708606175
84,4,2,"Doyenne","Scenario 2",17,7.5843043344525
85,4,2,"Doyenne","Scenario 2",17,7.45107537869796
86,4,2,"Doyenne","Scenario 2",17,7.83345139682059
87,4,2,"Doyenne","Scenario 2",17,7.34580238878166
88,4,2,"Doyenne","Scenario 2",17,7.1921225675251
89,4,2,"Doyenne","Scenario 2",17,7.42141581657204
90,4,2,"Doyenne","Scenario 2",17,6.93530812523369
91,4,2,"Doyenne","Scenario 2",17,7.33649615141878
92,4,2,"Doyenne","Scenario 2",17,6.87657172457362
93,5,3,"Conference","Scenario 3",17,7.40858816185499
94,5,3,"Conference","Scenario 3",17,7.85754930158883
95,5,3,"Conference","Scenario 3",17,8.17771544573417
96,5,3,"Conference","Scenario 3",17,7.49323202943599
97,5,3,"Conference","Scenario 3",17,7.81618357310237
98,5,3,"Conference","Scenario 3",17,8.24236066057883
99,5,3,"Conference","Scenario 3",17,8.13142084208036
100,5,3,"Conference","Scenario 3",17,7.26710053111673
101,5,3,"Conference","Scenario 3",17,8.08447073159256
102,5,3,"Conference","Scenario 3",17,8.5811479108347
103,5,3,"Conference","Scenario 3",17,7.62154712452588
104,5,3,"Conference","Scenario 3",17,7.63276192918952
105,5,3,"Conference","Scenario 3",17,7.16889137732033
106,5,3,"Conference","Scenario 3",17,8.0151409206643
107,5,3,"Conference","Scenario 3",17,7.8148062065862
108,5,3,"Conference","Scenario 3",17,7.55981778097089
109,5,3,"Conference","Scenario 3",17,7.6131329309818
110,5,3,"Conference","Scenario 3",17,7.53257400893849
111,5,3,"Conference","Scenario 3",17,7.90781376567538
112,5,3,"Conference","Scenario 3",17,7.46641924748038
113,5,3,"Conference","Scenario 3",17,7.63406800282236
114,5,3,"Conference","Scenario 3",17,8.12257312917994
115,5,3,"Conference","Scenario 3",17,NA
116,5,3,"Conference","Scenario 3",17,7.97952342374725
117,5,3,"Conference","Scenario 3",17,8.04104135666319
118,5,3,"Conference","Scenario 3",17,7.348924237263
119,5,3,"Conference","Scenario 3",17,8.20543370502704
120,5,3,"Conference","Scenario 3",17,8.47093218649058
121,6,3,"Doyenne","Scenario 3",17,7.07463235437827
122,6,3,"Doyenne","Scenario 3",17,5.70605330197168
123,6,3,"Doyenne","Scenario 3",17,6.96113162670498
124,6,3,"Doyenne","Scenario 3",17,6.58157602111485
125,6,3,"Doyenne","Scenario 3",17,6.16473450248727
126,6,3,"Doyenne","Scenario 3",17,6.54033969466007
127,6,3,"Doyenne","Scenario 3",17,6.25273266142129
128,6,3,"Doyenne","Scenario 3",17,6.51390802855288
129,6,3,"Doyenne","Scenario 3",17,6.70616047846186
130,6,3,"Doyenne","Scenario 3",17,6.03529908592894
131,6,3,"Doyenne","Scenario 3",17,6.58240714018657
132,6,3,"Doyenne","Scenario 3",17,6.47956092699156
133,6,3,"Doyenne","Scenario 3",17,6.64418709371964
134,6,3,"Doyenne","Scenario 3",17,6.52499783823475
135,6,3,"Doyenne","Scenario 3",17,6.45166188482204
136,6,3,"Doyenne","Scenario 3",17,6.33109180983047
137,6,3,"Doyenne","Scenario 3",17,6.41764004815627
138,6,3,"Doyenne","Scenario 3",17,6.32056396280125
139,6,3,"Doyenne","Scenario 3",17,6.81133998636064
140,6,3,"Doyenne","Scenario 3",17,NA
141,6,3,"Doyenne","Scenario 3",17,5.70514120269911
142,6,3,"Doyenne","Scenario 3",17,6.50294502593435
143,7,4,"Conference","Scenario 4",17,7.57990701945941
144,7,4,"Conference","Scenario 4",17,NA
145,7,4,"Conference","Scenario 4",17,6.74663425119659
146,7,4,"Conference","Scenario 4",17,7.51752084794189
147,7,4,"Conference","Scenario 4",17,6.9677515131526
148,7,4,"Conference","Scenario 4",17,NA
149,7,4,"Conference","Scenario 4",17,7.07433696010941
150,7,4,"Conference","Scenario 4",17,7.55665123946403
151,7,4,"Conference","Scenario 4",17,7.82270306945382
152,7,4,"Conference","Scenario 4",17,7.34606036807136
153,7,4,"Conference","Scenario 4",17,7.95117518185706
154,7,4,"Conference","Scenario 4",17,6.68397690266889
155,7,4,"Conference","Scenario 4",17,NA
156,7,4,"Conference","Scenario 4",17,7.52861165639883
157,7,4,"Conference","Scenario 4",17,7.3841397874586
158,7,4,"Conference","Scenario 4",17,7.11083195748186
159,7,4,"Conference","Scenario 4",17,7.27221492686879
160,7,4,"Conference","Scenario 4",17,7.40367496498546
161,7,4,"Conference","Scenario 4",17,NA
162,7,4,"Conference","Scenario 4",17,7.49659735924741
163,7,4,"Conference","Scenario 4",17,7.87841141688996
164,7,4,"Conference","Scenario 4",17,7.84531088214273
165,7,4,"Conference","Scenario 4",17,6.8939927524002
166,7,4,"Conference","Scenario 4",17,7.42910153071265
167,7,4,"Conference","Scenario 4",17,7.60304453345609
168,7,4,"Conference","Scenario 4",17,7.15117801488608
169,7,4,"Conference","Scenario 4",17,7.36493283765478
170,7,4,"Conference","Scenario 4",17,7.05122956061151
171,8,4,"Doyenne","Scenario 4",17,5.69682345098586
172,8,4,"Doyenne","Scenario 4",17,6.23920157942201
173,8,4,"Doyenne","Scenario 4",17,6.46790686457068
174,8,4,"Doyenne","Scenario 4",17,6.3164143444675
175,8,4,"Doyenne","Scenario 4",17,5.95346574318467
176,8,4,"Doyenne","Scenario 4",17,5.79077728853516
177,8,4,"Doyenne","Scenario 4",17,6.42109707974529
178,8,4,"Doyenne","Scenario 4",17,6.17977307990997
179,8,4,"Doyenne","Scenario 4",17,6.27921256466962
180,8,4,"Doyenne","Scenario 4",17,6.20331643189425
181,8,4,"Doyenne","Scenario 4",17,6.10958076203914
182,8,4,"Doyenne","Scenario 4",17,6.03771739599651
183,8,4,"Doyenne","Scenario 4",17,6.11134291597822
184,8,4,"Doyenne","Scenario 4",17,6.25663644965989
185,8,4,"Doyenne","Scenario 4",17,6.69866878720245
186,8,4,"Doyenne","Scenario 4",17,5.81727966816725
187,8,4,"Doyenne","Scenario 4",17,5.97540877529868
188,8,4,"Doyenne","Scenario 4",17,5.9654609616179
189,8,4,"Doyenne","Scenario 4",17,6.4027287524411
190,8,4,"Doyenne","Scenario 4",17,6.16164126412169
191,8,4,"Doyenne","Scenario 4",17,5.66956338742655
192,8,4,"Doyenne","Scenario 4",17,6.3558629681421
1,1,1,"Conference","Scenario 1",18,7.90271113305239
2,1,1,"Conference","Scenario 1",18,8.56063796916926
3,1,1,"Conference","Scenario 1",18,7.69058244760872
4,1,1,"Conference","Scenario 1",18,7.23904613913714
5,1,1,"Conference","Scenario 1",18,7.99310544060535
6,1,1,"Conference","Scenario 1",18,8.10037218410896
7,1,1,"Conference","Scenario 1",18,7.3998394813435
8,1,1,"Conference","Scenario 1",18,NA
9,1,1,"Conference","Scenario 1",18,7.36449265631149
10,1,1,"Conference","Scenario 1",18,8.0690634886293
11,1,1,"Conference","Scenario 1",18,8.01977587708271
12,1,1,"Conference","Scenario 1",18,8.07299852692403
13,1,1,"Conference","Scenario 1",18,8.66526676289412
14,1,1,"Conference","Scenario 1",18,7.64215785533347
15,1,1,"Conference","Scenario 1",18,8.43849154827262
16,1,1,"Conference","Scenario 1",18,8.62884402325046
17,1,1,"Conference","Scenario 1",18,7.92886149375894
18,1,1,"Conference","Scenario 1",18,8.67654021614296
19,1,1,"Conference","Scenario 1",18,7.64829684736172
20,1,1,"Conference","Scenario 1",18,8.14020246128365
21,1,1,"Conference","Scenario 1",18,7.54021786183374
22,1,1,"Conference","Scenario 1",18,8.20992565183905
23,1,1,"Conference","Scenario 1",18,8.04055077903109
24,1,1,"Conference","Scenario 1",18,7.70002977917462
25,2,1,"Doyenne","Scenario 1",18,6.15235219903474
26,2,1,"Doyenne","Scenario 1",18,6.71368470050684
27,2,1,"Doyenne","Scenario 1",18,6.44519562004971
28,2,1,"Doyenne","Scenario 1",18,6.30215474608959
29,2,1,"Doyenne","Scenario 1",18,6.51880411241007
30,2,1,"Doyenne","Scenario 1",18,6.64728253970146
31,2,1,"Doyenne","Scenario 1",18,6.20316055424527
32,2,1,"Doyenne","Scenario 1",18,NA
33,2,1,"Doyenne","Scenario 1",18,6.28800062480251
34,2,1,"Doyenne","Scenario 1",18,6.45816112476341
35,2,1,"Doyenne","Scenario 1",18,6.04545996740903
36,2,1,"Doyenne","Scenario 1",18,NA
37,2,1,"Doyenne","Scenario 1",18,5.70076129072643
38,2,1,"Doyenne","Scenario 1",18,6.15731184043698
39,2,1,"Doyenne","Scenario 1",18,6.59915482144435
40,2,1,"Doyenne","Scenario 1",18,6.75773810258507
41,2,1,"Doyenne","Scenario 1",18,6.56474417358601
42,2,1,"Doyenne","Scenario 1",18,6.85935032810252
43,2,1,"Doyenne","Scenario 1",18,6.71816808144464
44,2,1,"Doyenne","Scenario 1",18,6.98354978032333
45,2,1,"Doyenne","Scenario 1",18,6.33541669837565
46,2,1,"Doyenne","Scenario 1",18,6.6289762202901
47,2,1,"Doyenne","Scenario 1",18,6.48607432758859
48,2,1,"Doyenne","Scenario 1",18,NA
49,2,1,"Doyenne","Scenario 1",18,6.66791132590418
50,3,2,"Conference","Scenario 2",18,7.92339374715272
51,3,2,"Conference","Scenario 2",18,9.18562358469403
52,3,2,"Conference","Scenario 2",18,8.64888133048483
53,3,2,"Conference","Scenario 2",18,8.85798806484991
54,3,2,"Conference","Scenario 2",18,9.11960698594205
55,3,2,"Conference","Scenario 2",18,9.56803585138579
56,3,2,"Conference","Scenario 2",18,8.88294867049152
57,3,2,"Conference","Scenario 2",18,8.08339924739066
58,3,2,"Conference","Scenario 2",18,8.92399166145931
59,3,2,"Conference","Scenario 2",18,8.92027184923369
60,3,2,"Conference","Scenario 2",18,9.24626666804223
61,3,2,"Conference","Scenario 2",18,9.49416786289533
62,3,2,"Conference","Scenario 2",18,8.9669294842198
63,3,2,"Conference","Scenario 2",18,8.5393348299278
64,3,2,"Conference","Scenario 2",18,9.40428033660337
65,3,2,"Conference","Scenario 2",18,8.17668472876839
66,3,2,"Conference","Scenario 2",18,9.45219044754749
67,3,2,"Conference","Scenario 2",18,8.53988121430562
68,3,2,"Conference","Scenario 2",18,8.36480486752477
69,3,2,"Conference","Scenario 2",18,9.05620120772033
70,3,2,"Conference","Scenario 2",18,8.45154790684605
71,4,2,"Doyenne","Scenario 2",18,7.82247052162343
72,4,2,"Doyenne","Scenario 2",18,7.73672798116456
73,4,2,"Doyenne","Scenario 2",18,7.24799690282809
74,4,2,"Doyenne","Scenario 2",18,8.38614741056792
75,4,2,"Doyenne","Scenario 2",18,NA
76,4,2,"Doyenne","Scenario 2",18,7.17546620759228
77,4,2,"Doyenne","Scenario 2",18,8.01722527301294
78,4,2,"Doyenne","Scenario 2",18,7.52723781540624
79,4,2,"Doyenne","Scenario 2",18,NA
80,4,2,"Doyenne","Scenario 2",18,7.07355959425056
81,4,2,"Doyenne","Scenario 2",18,NA
82,4,2,"Doyenne","Scenario 2",18,6.85186744225836
83,4,2,"Doyenne","Scenario 2",18,7.39668609387434
84,4,2,"Doyenne","Scenario 2",18,7.75136472153285
85,4,2,"Doyenne","Scenario 2",18,7.54422790246676
86,4,2,"Doyenne","Scenario 2",18,7.88815516066136
87,4,2,"Doyenne","Scenario 2",18,7.3737774331837
88,4,2,"Doyenne","Scenario 2",18,7.88200059180455
89,4,2,"Doyenne","Scenario 2",18,7.53282483374041
90,4,2,"Doyenne","Scenario 2",18,7.52850211924045
91,4,2,"Doyenne","Scenario 2",18,7.50806923827009
92,4,2,"Doyenne","Scenario 2",18,6.92469578065963
93,5,3,"Conference","Scenario 3",18,7.47873839694763
94,5,3,"Conference","Scenario 3",18,8.07265975824068
95,5,3,"Conference","Scenario 3",18,8.22346821782178
96,5,3,"Conference","Scenario 3",18,8.13718063178222
97,5,3,"Conference","Scenario 3",18,7.87863825281826
98,5,3,"Conference","Scenario 3",18,8.41733929249399
99,5,3,"Conference","Scenario 3",18,8.40906102579142
100,5,3,"Conference","Scenario 3",18,7.61944714764277
101,5,3,"Conference","Scenario 3",18,8.14725482761101
102,5,3,"Conference","Scenario 3",18,8.72132368297058
103,5,3,"Conference","Scenario 3",18,7.80014806916379
104,5,3,"Conference","Scenario 3",18,7.86720045625864
105,5,3,"Conference","Scenario 3",18,7.36327445948099
106,5,3,"Conference","Scenario 3",18,8.54432736679437
107,5,3,"Conference","Scenario 3",18,8.37217667288846
108,5,3,"Conference","Scenario 3",18,8.22989367180287
109,5,3,"Conference","Scenario 3",18,8.37422899433663
110,5,3,"Conference","Scenario 3",18,8.02378863398682
111,5,3,"Conference","Scenario 3",18,7.94440471130952
112,5,3,"Conference","Scenario 3",18,7.63350252086274
113,5,3,"Conference","Scenario 3",18,7.80364099005814
114,5,3,"Conference","Scenario 3",18,8.25748392943374
115,5,3,"Conference","Scenario 3",18,NA
116,5,3,"Conference","Scenario 3",18,8.34348803238734
117,5,3,"Conference","Scenario 3",18,8.13161853982714
118,5,3,"Conference","Scenario 3",18,7.40292529529062
119,5,3,"Conference","Scenario 3",18,8.25647264848594
120,5,3,"Conference","Scenario 3",18,8.6059065739162
121,6,3,"Doyenne","Scenario 3",18,7.11407025440832
122,6,3,"Doyenne","Scenario 3",18,6.40988978803584
123,6,3,"Doyenne","Scenario 3",18,7.2013742558341
124,6,3,"Doyenne","Scenario 3",18,6.72637999148499
125,6,3,"Doyenne","Scenario 3",18,6.23153624389353
126,6,3,"Doyenne","Scenario 3",18,6.59339178957504
127,6,3,"Doyenne","Scenario 3",18,6.40828975255519
128,6,3,"Doyenne","Scenario 3",18,6.63531671225049
129,6,3,"Doyenne","Scenario 3",18,7.17971449038062
130,6,3,"Doyenne","Scenario 3",18,NA
131,6,3,"Doyenne","Scenario 3",18,6.60443607635499
132,6,3,"Doyenne","Scenario 3",18,6.54891383446264
133,6,3,"Doyenne","Scenario 3",18,6.73156399808305
134,6,3,"Doyenne","Scenario 3",18,6.65942087018376
135,6,3,"Doyenne","Scenario 3",18,6.70371405820376
136,6,3,"Doyenne","Scenario 3",18,6.45827128403935
137,6,3,"Doyenne","Scenario 3",18,6.68412052441582
138,6,3,"Doyenne","Scenario 3",18,6.40612309516475
139,6,3,"Doyenne","Scenario 3",18,7.17227638443749
140,6,3,"Doyenne","Scenario 3",18,NA
141,6,3,"Doyenne","Scenario 3",18,5.71868168418924
142,6,3,"Doyenne","Scenario 3",18,6.89795902624237
143,7,4,"Conference","Scenario 4",18,7.83477031430039
144,7,4,"Conference","Scenario 4",18,NA
145,7,4,"Conference","Scenario 4",18,7.79160519579914
146,7,4,"Conference","Scenario 4",18,7.82637262863736
147,7,4,"Conference","Scenario 4",18,7.20023349900443
148,7,4,"Conference","Scenario 4",18,NA
149,7,4,"Conference","Scenario 4",18,7.39307491837017
150,7,4,"Conference","Scenario 4",18,7.86948912032841
151,7,4,"Conference","Scenario 4",18,8.05020202990861
152,7,4,"Conference","Scenario 4",18,7.57224157624313
153,7,4,"Conference","Scenario 4",18,8.13812230804218
154,7,4,"Conference","Scenario 4",18,7.49032483243437
155,7,4,"Conference","Scenario 4",18,NA
156,7,4,"Conference","Scenario 4",18,7.85574884678724
157,7,4,"Conference","Scenario 4",18,7.49174968758951
158,7,4,"Conference","Scenario 4",18,7.54873266408281
159,7,4,"Conference","Scenario 4",18,7.33713462902368
160,7,4,"Conference","Scenario 4",18,7.59900343002992
161,7,4,"Conference","Scenario 4",18,NA
162,7,4,"Conference","Scenario 4",18,7.929720008962
163,7,4,"Conference","Scenario 4",18,7.96144099802396
164,7,4,"Conference","Scenario 4",18,7.89089051853057
165,7,4,"Conference","Scenario 4",18,7.16851952991276
166,7,4,"Conference","Scenario 4",18,7.88354876189778
167,7,4,"Conference","Scenario 4",18,7.64354705447217
168,7,4,"Conference","Scenario 4",18,7.25998404532462
169,7,4,"Conference","Scenario 4",18,7.48185926103387
170,7,4,"Conference","Scenario 4",18,7.38150867374557
171,8,4,"Doyenne","Scenario 4",18,6.08274949069505
172,8,4,"Doyenne","Scenario 4",18,6.35119201795267
173,8,4,"Doyenne","Scenario 4",18,6.67499129676417
174,8,4,"Doyenne","Scenario 4",18,6.40617079774595
175,8,4,"Doyenne","Scenario 4",18,6.52903385329582
176,8,4,"Doyenne","Scenario 4",18,6.18233293985599
177,8,4,"Doyenne","Scenario 4",18,6.58834747073002
178,8,4,"Doyenne","Scenario 4",18,6.96727040196671
179,8,4,"Doyenne","Scenario 4",18,6.32356653148434
180,8,4,"Doyenne","Scenario 4",18,6.62887177666805
181,8,4,"Doyenne","Scenario 4",18,6.82517046339968
182,8,4,"Doyenne","Scenario 4",18,6.44066047469034
183,8,4,"Doyenne","Scenario 4",18,6.30254852811547
184,8,4,"Doyenne","Scenario 4",18,6.62054323490803
185,8,4,"Doyenne","Scenario 4",18,6.81793883730912
186,8,4,"Doyenne","Scenario 4",18,6.12038648487543
187,8,4,"Doyenne","Scenario 4",18,6.08341446699793
188,8,4,"Doyenne","Scenario 4",18,6.00107534998149
189,8,4,"Doyenne","Scenario 4",18,6.88091623495238
190,8,4,"Doyenne","Scenario 4",18,6.17817606694917
191,8,4,"Doyenne","Scenario 4",18,5.97104028240558
192,8,4,"Doyenne","Scenario 4",18,6.68805029736459
1,1,1,"Conference","Scenario 1",19,8.12806475567933
2,1,1,"Conference","Scenario 1",19,8.79224204885113
3,1,1,"Conference","Scenario 1",19,7.72438824755092
4,1,1,"Conference","Scenario 1",19,7.56492199290627
5,1,1,"Conference","Scenario 1",19,8.3232035178785
6,1,1,"Conference","Scenario 1",19,8.21102383892627
7,1,1,"Conference","Scenario 1",19,8.00286852132864
8,1,1,"Conference","Scenario 1",19,NA
9,1,1,"Conference","Scenario 1",19,7.85450240517148
10,1,1,"Conference","Scenario 1",19,8.15882295846906
11,1,1,"Conference","Scenario 1",19,8.43364459381733
12,1,1,"Conference","Scenario 1",19,8.42749135098672
13,1,1,"Conference","Scenario 1",19,8.96781111913014
14,1,1,"Conference","Scenario 1",19,7.72514558252651
15,1,1,"Conference","Scenario 1",19,8.47579841409316
16,1,1,"Conference","Scenario 1",19,8.78490975427556
17,1,1,"Conference","Scenario 1",19,8.59504457201128
18,1,1,"Conference","Scenario 1",19,8.69819923809515
19,1,1,"Conference","Scenario 1",19,8.44190524984038
20,1,1,"Conference","Scenario 1",19,8.65739256797359
21,1,1,"Conference","Scenario 1",19,8.07805781414767
22,1,1,"Conference","Scenario 1",19,8.35074837805863
23,1,1,"Conference","Scenario 1",19,8.21790157482939
24,1,1,"Conference","Scenario 1",19,8.14855872489236
25,2,1,"Doyenne","Scenario 1",19,6.20630723814903
26,2,1,"Doyenne","Scenario 1",19,6.88903118560662
27,2,1,"Doyenne","Scenario 1",19,6.57100326658783
28,2,1,"Doyenne","Scenario 1",19,6.47187900301702
29,2,1,"Doyenne","Scenario 1",19,6.53134600044614
30,2,1,"Doyenne","Scenario 1",19,6.82991216137281
31,2,1,"Doyenne","Scenario 1",19,6.57701836552341
32,2,1,"Doyenne","Scenario 1",19,NA
33,2,1,"Doyenne","Scenario 1",19,7.01756520308645
34,2,1,"Doyenne","Scenario 1",19,6.6093997863483
35,2,1,"Doyenne","Scenario 1",19,6.24494764545004
36,2,1,"Doyenne","Scenario 1",19,NA
37,2,1,"Doyenne","Scenario 1",19,6.2603933233518
38,2,1,"Doyenne","Scenario 1",19,6.29902596020371
39,2,1,"Doyenne","Scenario 1",19,7.16485349434842
40,2,1,"Doyenne","Scenario 1",19,6.76509445409168
41,2,1,"Doyenne","Scenario 1",19,6.63086507609047
42,2,1,"Doyenne","Scenario 1",19,6.88808818712878
43,2,1,"Doyenne","Scenario 1",19,6.84291971146648
44,2,1,"Doyenne","Scenario 1",19,7.05945966093776
45,2,1,"Doyenne","Scenario 1",19,6.490154481815
46,2,1,"Doyenne","Scenario 1",19,6.8535424924162
47,2,1,"Doyenne","Scenario 1",19,6.72405103012026
48,2,1,"Doyenne","Scenario 1",19,NA
49,2,1,"Doyenne","Scenario 1",19,7.04313957224523
50,3,2,"Conference","Scenario 2",19,8.27612990290651
51,3,2,"Conference","Scenario 2",19,9.2829060355758
52,3,2,"Conference","Scenario 2",19,9.12768918105069
53,3,2,"Conference","Scenario 2",19,9.02698912594635
54,3,2,"Conference","Scenario 2",19,9.50929544791094
55,3,2,"Conference","Scenario 2",19,9.84169953889853
56,3,2,"Conference","Scenario 2",19,9.11877609126978
57,3,2,"Conference","Scenario 2",19,8.57045665812036
58,3,2,"Conference","Scenario 2",19,9.83625589190122
59,3,2,"Conference","Scenario 2",19,9.34045646054273
60,3,2,"Conference","Scenario 2",19,9.4941073212599
61,3,2,"Conference","Scenario 2",19,9.84572390529224
62,3,2,"Conference","Scenario 2",19,8.97316851981577
63,3,2,"Conference","Scenario 2",19,8.9712653770055
64,3,2,"Conference","Scenario 2",19,9.56139931593416
65,3,2,"Conference","Scenario 2",19,8.88618029789331
66,3,2,"Conference","Scenario 2",19,9.62866697481975
67,3,2,"Conference","Scenario 2",19,8.93664829068414
68,3,2,"Conference","Scenario 2",19,9.04068344583322
69,3,2,"Conference","Scenario 2",19,9.6844786531053
70,3,2,"Conference","Scenario 2",19,9.05770886696506
71,4,2,"Doyenne","Scenario 2",19,7.96389544545275
72,4,2,"Doyenne","Scenario 2",19,8.36647833239107
73,4,2,"Doyenne","Scenario 2",19,7.54454987632265
74,4,2,"Doyenne","Scenario 2",19,8.52755606177249
75,4,2,"Doyenne","Scenario 2",19,NA
76,4,2,"Doyenne","Scenario 2",19,7.59053981977546
77,4,2,"Doyenne","Scenario 2",19,8.23053681537422
78,4,2,"Doyenne","Scenario 2",19,7.79586560130867
79,4,2,"Doyenne","Scenario 2",19,NA
80,4,2,"Doyenne","Scenario 2",19,7.21452027632559
81,4,2,"Doyenne","Scenario 2",19,NA
82,4,2,"Doyenne","Scenario 2",19,7.21727133743043
83,4,2,"Doyenne","Scenario 2",19,7.56055423359423
84,4,2,"Doyenne","Scenario 2",19,7.94680539268309
85,4,2,"Doyenne","Scenario 2",19,7.63738042623557
86,4,2,"Doyenne","Scenario 2",19,7.94285892450213
87,4,2,"Doyenne","Scenario 2",19,8.27490444360591
88,4,2,"Doyenne","Scenario 2",19,8.46706618019647
89,4,2,"Doyenne","Scenario 2",19,7.64423385090877
90,4,2,"Doyenne","Scenario 2",19,7.83849064071593
91,4,2,"Doyenne","Scenario 2",19,7.67964232512141
92,4,2,"Doyenne","Scenario 2",19,7.29113250175834
93,5,3,"Conference","Scenario 3",19,8.1145923064316
94,5,3,"Conference","Scenario 3",19,8.28777021489252
95,5,3,"Conference","Scenario 3",19,8.26922098990939
96,5,3,"Conference","Scenario 3",19,9.05384032851713
97,5,3,"Conference","Scenario 3",19,7.93813092748406
98,5,3,"Conference","Scenario 3",19,8.59231792440916
99,5,3,"Conference","Scenario 3",19,9.09648564712866
100,5,3,"Conference","Scenario 3",19,7.97179376416881
101,5,3,"Conference","Scenario 3",19,8.21003892362947
102,5,3,"Conference","Scenario 3",19,8.86149945510647
103,5,3,"Conference","Scenario 3",19,8.34324754785047
104,5,3,"Conference","Scenario 3",19,7.8690806153509
105,5,3,"Conference","Scenario 3",19,7.55765754164164
106,5,3,"Conference","Scenario 3",19,8.6358373507996
107,5,3,"Conference","Scenario 3",19,8.63905500756569
108,5,3,"Conference","Scenario 3",19,8.74795487682862
109,5,3,"Conference","Scenario 3",19,8.52239175389778
110,5,3,"Conference","Scenario 3",19,8.18151650507896
111,5,3,"Conference","Scenario 3",19,8.44933553691177
112,5,3,"Conference","Scenario 3",19,7.75434511437231
113,5,3,"Conference","Scenario 3",19,7.87851366170853
114,5,3,"Conference","Scenario 3",19,8.39239472968754
115,5,3,"Conference","Scenario 3",19,NA
116,5,3,"Conference","Scenario 3",19,8.4197592387343
117,5,3,"Conference","Scenario 3",19,8.34160852825619
118,5,3,"Conference","Scenario 3",19,8.18336537773015
119,5,3,"Conference","Scenario 3",19,9.18061051927543
120,5,3,"Conference","Scenario 3",19,8.74088096134184
121,6,3,"Doyenne","Scenario 3",19,7.15350815443836
122,6,3,"Doyenne","Scenario 3",19,7.33038658956287
123,6,3,"Doyenne","Scenario 3",19,7.26732802033771
124,6,3,"Doyenne","Scenario 3",19,7.0810427454092
125,6,3,"Doyenne","Scenario 3",19,6.82864547538508
126,6,3,"Doyenne","Scenario 3",19,6.64644388449001
127,6,3,"Doyenne","Scenario 3",19,6.74055962242174
128,6,3,"Doyenne","Scenario 3",19,6.7567253959481
129,6,3,"Doyenne","Scenario 3",19,7.23928435767893
130,6,3,"Doyenne","Scenario 3",19,NA
131,6,3,"Doyenne","Scenario 3",19,7.59291967222513
132,6,3,"Doyenne","Scenario 3",19,6.85947772006524
133,6,3,"Doyenne","Scenario 3",19,6.79318530189736
134,6,3,"Doyenne","Scenario 3",19,6.77716417848291
135,6,3,"Doyenne","Scenario 3",19,7.29841759180746
136,6,3,"Doyenne","Scenario 3",19,7.04589226597728
137,6,3,"Doyenne","Scenario 3",19,6.95060100067537
138,6,3,"Doyenne","Scenario 3",19,6.5208789053653
139,6,3,"Doyenne","Scenario 3",19,7.53321278251434
140,6,3,"Doyenne","Scenario 3",19,NA
141,6,3,"Doyenne","Scenario 3",19,6.13182131744419
142,6,3,"Doyenne","Scenario 3",19,7.14714629686147
143,7,4,"Conference","Scenario 4",19,7.90095042031481
144,7,4,"Conference","Scenario 4",19,NA
145,7,4,"Conference","Scenario 4",19,7.99811954468216
146,7,4,"Conference","Scenario 4",19,8.13522440933283
147,7,4,"Conference","Scenario 4",19,7.43271548485625
148,7,4,"Conference","Scenario 4",19,NA
149,7,4,"Conference","Scenario 4",19,7.74895099816082
150,7,4,"Conference","Scenario 4",19,8.18232700119278
151,7,4,"Conference","Scenario 4",19,8.27770099036339
152,7,4,"Conference","Scenario 4",19,8.45892714538614
153,7,4,"Conference","Scenario 4",19,8.43681275915683
154,7,4,"Conference","Scenario 4",19,7.70898110557174
155,7,4,"Conference","Scenario 4",19,NA
156,7,4,"Conference","Scenario 4",19,8.73516169896802
157,7,4,"Conference","Scenario 4",19,7.59935958772042
158,7,4,"Conference","Scenario 4",19,7.63462170910937
159,7,4,"Conference","Scenario 4",19,7.5731066011284
160,7,4,"Conference","Scenario 4",19,7.79433189507437
161,7,4,"Conference","Scenario 4",19,NA
162,7,4,"Conference","Scenario 4",19,8.05179748869647
163,7,4,"Conference","Scenario 4",19,8.04447057915795
164,7,4,"Conference","Scenario 4",19,7.93647015491841
165,7,4,"Conference","Scenario 4",19,7.44304630742533
166,7,4,"Conference","Scenario 4",19,8.33799599308291
167,7,4,"Conference","Scenario 4",19,7.68404957548825
168,7,4,"Conference","Scenario 4",19,7.64985811325753
169,7,4,"Conference","Scenario 4",19,7.59878568441297
170,7,4,"Conference","Scenario 4",19,7.56964465561234
171,8,4,"Doyenne","Scenario 4",19,6.14494530870053
172,8,4,"Doyenne","Scenario 4",19,6.67776557059064
173,8,4,"Doyenne","Scenario 4",19,6.88207572895765
174,8,4,"Doyenne","Scenario 4",19,6.53318426101647
175,8,4,"Doyenne","Scenario 4",19,6.70950214449727
176,8,4,"Doyenne","Scenario 4",19,6.84503081993729
177,8,4,"Doyenne","Scenario 4",19,6.78249417504943
178,8,4,"Doyenne","Scenario 4",19,7.06385502098224
179,8,4,"Doyenne","Scenario 4",19,6.5088897866911
180,8,4,"Doyenne","Scenario 4",19,6.8922882944908
181,8,4,"Doyenne","Scenario 4",19,6.82638516521659
182,8,4,"Doyenne","Scenario 4",19,7.16318599452215
183,8,4,"Doyenne","Scenario 4",19,6.7115486877396
184,8,4,"Doyenne","Scenario 4",19,7.08102102543505
185,8,4,"Doyenne","Scenario 4",19,6.93720888741579
186,8,4,"Doyenne","Scenario 4",19,6.4234933015836
187,8,4,"Doyenne","Scenario 4",19,6.32679246518431
188,8,4,"Doyenne","Scenario 4",19,6.03668973834509
189,8,4,"Doyenne","Scenario 4",19,7.03467584812014
190,8,4,"Doyenne","Scenario 4",19,6.73132927763701
191,8,4,"Doyenne","Scenario 4",19,6.6274295980579
192,8,4,"Doyenne","Scenario 4",19,7.02023762658708
1,1,1,"Conference","Scenario 1",20,8.49961422670118
2,1,1,"Conference","Scenario 1",20,8.83997094971842
3,1,1,"Conference","Scenario 1",20,7.75819404749311
4,1,1,"Conference","Scenario 1",20,8.02672492719564
5,1,1,"Conference","Scenario 1",20,8.88555957800225
6,1,1,"Conference","Scenario 1",20,9.26441286333715
7,1,1,"Conference","Scenario 1",20,8.16926317400954
8,1,1,"Conference","Scenario 1",20,NA
9,1,1,"Conference","Scenario 1",20,8.2374651738258
10,1,1,"Conference","Scenario 1",20,8.34639181218424
11,1,1,"Conference","Scenario 1",20,8.44921844489109
12,1,1,"Conference","Scenario 1",20,8.60686916939598
13,1,1,"Conference","Scenario 1",20,9.27035547536616
14,1,1,"Conference","Scenario 1",20,8.15248085228911
15,1,1,"Conference","Scenario 1",20,8.51310527991368
16,1,1,"Conference","Scenario 1",20,9.10259861149853
17,1,1,"Conference","Scenario 1",20,8.66189979723168
18,1,1,"Conference","Scenario 1",20,8.71985826004734
19,1,1,"Conference","Scenario 1",20,8.54385116463003
20,1,1,"Conference","Scenario 1",20,8.73528600505066
21,1,1,"Conference","Scenario 1",20,8.08864353871121
22,1,1,"Conference","Scenario 1",20,8.49157110427821
23,1,1,"Conference","Scenario 1",20,8.39525237062769
24,1,1,"Conference","Scenario 1",20,8.59708767061011
25,2,1,"Doyenne","Scenario 1",20,7.01349447018681
26,2,1,"Doyenne","Scenario 1",20,7.16070268097542
27,2,1,"Doyenne","Scenario 1",20,6.69681091312594
28,2,1,"Doyenne","Scenario 1",20,6.64160325994446
29,2,1,"Doyenne","Scenario 1",20,6.80580991951174
30,2,1,"Doyenne","Scenario 1",20,7.01254178304416
31,2,1,"Doyenne","Scenario 1",20,6.78525253625085
32,2,1,"Doyenne","Scenario 1",20,NA
33,2,1,"Doyenne","Scenario 1",20,7.26801040753652
34,2,1,"Doyenne","Scenario 1",20,6.76063844793319
35,2,1,"Doyenne","Scenario 1",20,6.77843326122595
36,2,1,"Doyenne","Scenario 1",20,NA
37,2,1,"Doyenne","Scenario 1",20,6.4215301039924
38,2,1,"Doyenne","Scenario 1",20,6.35075304034811
39,2,1,"Doyenne","Scenario 1",20,7.1751484028695
40,2,1,"Doyenne","Scenario 1",20,7.24232555366772
41,2,1,"Doyenne","Scenario 1",20,7.2620662616133
42,2,1,"Doyenne","Scenario 1",20,7.36116849387281
43,2,1,"Doyenne","Scenario 1",20,7.36716874555689
44,2,1,"Doyenne","Scenario 1",20,7.13536954155218
45,2,1,"Doyenne","Scenario 1",20,6.66887529328196
46,2,1,"Doyenne","Scenario 1",20,7.1230012300143
47,2,1,"Doyenne","Scenario 1",20,7.28010026339646
48,2,1,"Doyenne","Scenario 1",20,NA
49,2,1,"Doyenne","Scenario 1",20,7.22555068582285
50,3,2,"Conference","Scenario 2",20,8.6797654231228
51,3,2,"Conference","Scenario 2",20,9.41851491599426
52,3,2,"Conference","Scenario 2",20,9.23381756956886
53,3,2,"Conference","Scenario 2",20,9.52670984639291
54,3,2,"Conference","Scenario 2",20,9.89898390987984
55,3,2,"Conference","Scenario 2",20,10.1153632264113
56,3,2,"Conference","Scenario 2",20,9.90282055119949
57,3,2,"Conference","Scenario 2",20,9.69398272599235
58,3,2,"Conference","Scenario 2",20,9.9539895039826
59,3,2,"Conference","Scenario 2",20,9.35067105253485
60,3,2,"Conference","Scenario 2",20,9.87443661620948
61,3,2,"Conference","Scenario 2",20,10.0331836095462
62,3,2,"Conference","Scenario 2",20,8.97940755541174
63,3,2,"Conference","Scenario 2",20,9.09838939723904
64,3,2,"Conference","Scenario 2",20,10.0316964549689
65,3,2,"Conference","Scenario 2",20,9.10901787273048
66,3,2,"Conference","Scenario 2",20,10.0806339730348
67,3,2,"Conference","Scenario 2",20,9.24898370276904
68,3,2,"Conference","Scenario 2",20,9.20251623454161
69,3,2,"Conference","Scenario 2",20,9.85274327628635
70,3,2,"Conference","Scenario 2",20,9.61800120227254
71,4,2,"Doyenne","Scenario 2",20,8.10532036928207
72,4,2,"Doyenne","Scenario 2",20,8.58619719899032
73,4,2,"Doyenne","Scenario 2",20,NA
74,4,2,"Doyenne","Scenario 2",20,8.66896471297706
75,4,2,"Doyenne","Scenario 2",20,NA
76,4,2,"Doyenne","Scenario 2",20,7.8056099394741
77,4,2,"Doyenne","Scenario 2",20,8.45292573362879
78,4,2,"Doyenne","Scenario 2",20,8.0644933872111
79,4,2,"Doyenne","Scenario 2",20,NA
80,4,2,"Doyenne","Scenario 2",20,7.35548095840062
81,4,2,"Doyenne","Scenario 2",20,NA
82,4,2,"Doyenne","Scenario 2",20,7.57827992447088
83,4,2,"Doyenne","Scenario 2",20,7.72442237331412
84,4,2,"Doyenne","Scenario 2",20,8.36290729409269
85,4,2,"Doyenne","Scenario 2",20,8.11551742016104
86,4,2,"Doyenne","Scenario 2",20,7.99756268834289
87,4,2,"Doyenne","Scenario 2",20,8.82360784443599
88,4,2,"Doyenne","Scenario 2",20,8.59012614749683
89,4,2,"Doyenne","Scenario 2",20,7.75564286807713
90,4,2,"Doyenne","Scenario 2",20,8.14847916219142
91,4,2,"Doyenne","Scenario 2",20,8.3241658251479
92,4,2,"Doyenne","Scenario 2",20,7.58095547458
93,5,3,"Conference","Scenario 3",20,8.42780913089598
94,5,3,"Conference","Scenario 3",20,8.32609815715712
95,5,3,"Conference","Scenario 3",20,8.314973761997
96,5,3,"Conference","Scenario 3",20,9.13628183846185
97,5,3,"Conference","Scenario 3",20,8.32504368782178
98,5,3,"Conference","Scenario 3",20,8.68129668566647
99,5,3,"Conference","Scenario 3",20,9.11805085927691
100,5,3,"Conference","Scenario 3",20,8.15822195396613
101,5,3,"Conference","Scenario 3",20,8.27282301964793
102,5,3,"Conference","Scenario 3",20,9.04497395425234
103,5,3,"Conference","Scenario 3",20,9.02456694727998
104,5,3,"Conference","Scenario 3",20,7.87096077444317
105,5,3,"Conference","Scenario 3",20,8.03785177700787
106,5,3,"Conference","Scenario 3",20,8.72734733480482
107,5,3,"Conference","Scenario 3",20,8.90593334224291
108,5,3,"Conference","Scenario 3",20,9.45688245075006
109,5,3,"Conference","Scenario 3",20,8.67055451345892
110,5,3,"Conference","Scenario 3",20,8.3392443761711
111,5,3,"Conference","Scenario 3",20,8.90144231240485
112,5,3,"Conference","Scenario 3",20,9.53746661573343
113,5,3,"Conference","Scenario 3",20,8.28202058763983
114,5,3,"Conference","Scenario 3",20,8.93207164164122
115,5,3,"Conference","Scenario 3",20,NA
116,5,3,"Conference","Scenario 3",20,8.69125356517125
117,5,3,"Conference","Scenario 3",20,8.55159851668524
118,5,3,"Conference","Scenario 3",20,8.60837721913897
119,5,3,"Conference","Scenario 3",20,9.29663532614728
120,5,3,"Conference","Scenario 3",20,8.87585534876747
121,6,3,"Doyenne","Scenario 3",20,7.4537109366959
122,6,3,"Doyenne","Scenario 3",20,7.34589820852273
123,6,3,"Doyenne","Scenario 3",20,7.33328178484133
124,6,3,"Doyenne","Scenario 3",20,7.32536430225086
125,6,3,"Doyenne","Scenario 3",20,6.85926366106925
126,6,3,"Doyenne","Scenario 3",20,6.69949597940498
127,6,3,"Doyenne","Scenario 3",20,7.33935023179996
128,6,3,"Doyenne","Scenario 3",20,7.20211797719126
129,6,3,"Doyenne","Scenario 3",20,7.29885422497723
130,6,3,"Doyenne","Scenario 3",20,NA
131,6,3,"Doyenne","Scenario 3",20,7.68996074139701
132,6,3,"Doyenne","Scenario 3",20,7.17004160566784
133,6,3,"Doyenne","Scenario 3",20,6.85480660571166
134,6,3,"Doyenne","Scenario 3",20,7.36169134478154
135,6,3,"Doyenne","Scenario 3",20,7.31827261476249
136,6,3,"Doyenne","Scenario 3",20,7.08273688304452
137,6,3,"Doyenne","Scenario 3",20,7.79152156370933
138,6,3,"Doyenne","Scenario 3",20,6.63563471556585
139,6,3,"Doyenne","Scenario 3",20,7.54873382764837
140,6,3,"Doyenne","Scenario 3",20,NA
141,6,3,"Doyenne","Scenario 3",20,6.44710245450274
142,6,3,"Doyenne","Scenario 3",20,7.71535072650479
143,7,4,"Conference","Scenario 4",20,7.96713052632923
144,7,4,"Conference","Scenario 4",20,NA
145,7,4,"Conference","Scenario 4",20,8.49041067941193
146,7,4,"Conference","Scenario 4",20,8.4440761900283
147,7,4,"Conference","Scenario 4",20,7.93612754048072
148,7,4,"Conference","Scenario 4",20,NA
149,7,4,"Conference","Scenario 4",20,8.10482707795147
150,7,4,"Conference","Scenario 4",20,8.44053489694611
151,7,4,"Conference","Scenario 4",20,8.47209738526894
152,7,4,"Conference","Scenario 4",20,8.47148843213389
153,7,4,"Conference","Scenario 4",20,8.73550321027147
154,7,4,"Conference","Scenario 4",20,7.81137408480354
155,7,4,"Conference","Scenario 4",20,NA
156,7,4,"Conference","Scenario 4",20,8.86444425751486
157,7,4,"Conference","Scenario 4",20,8.23854859800012
158,7,4,"Conference","Scenario 4",20,7.72051075413592
159,7,4,"Conference","Scenario 4",20,7.80907857323311
160,7,4,"Conference","Scenario 4",20,8.03269158630482
161,7,4,"Conference","Scenario 4",20,NA
162,7,4,"Conference","Scenario 4",20,8.17387496843094
163,7,4,"Conference","Scenario 4",20,8.30457163323482
164,7,4,"Conference","Scenario 4",20,7.98204979130626
165,7,4,"Conference","Scenario 4",20,7.64548335570021
166,7,4,"Conference","Scenario 4",20,8.40570617722422
167,7,4,"Conference","Scenario 4",20,7.79396196077882
168,7,4,"Conference","Scenario 4",20,8.07252965622819
169,7,4,"Conference","Scenario 4",20,8.45061342846781
170,7,4,"Conference","Scenario 4",20,7.7577806374791
171,8,4,"Doyenne","Scenario 4",20,6.20714112670601
172,8,4,"Doyenne","Scenario 4",20,7.00433912322861
173,8,4,"Doyenne","Scenario 4",20,7.02031817408185
174,8,4,"Doyenne","Scenario 4",20,6.660197724287
175,8,4,"Doyenne","Scenario 4",20,6.97742005027914
176,8,4,"Doyenne","Scenario 4",20,6.99831518574769
177,8,4,"Doyenne","Scenario 4",20,6.97664087936884
178,8,4,"Doyenne","Scenario 4",20,7.16043963999777
179,8,4,"Doyenne","Scenario 4",20,6.56281457939671
180,8,4,"Doyenne","Scenario 4",20,7.15570481231355
181,8,4,"Doyenne","Scenario 4",20,6.85095512990613
182,8,4,"Doyenne","Scenario 4",20,7.47875407434969
183,8,4,"Doyenne","Scenario 4",20,6.98725208713506
184,8,4,"Doyenne","Scenario 4",20,7.38220711318773
185,8,4,"Doyenne","Scenario 4",20,7.07501849676717
186,8,4,"Doyenne","Scenario 4",20,6.47436870743858
187,8,4,"Doyenne","Scenario 4",20,6.41562686242377
188,8,4,"Doyenne","Scenario 4",20,6.04663686544267
189,8,4,"Doyenne","Scenario 4",20,7.18843546128791
190,8,4,"Doyenne","Scenario 4",20,6.79639975854596
191,8,4,"Doyenne","Scenario 4",20,6.67463114544969
192,8,4,"Doyenne","Scenario 4",20,7.13066131863721
1,1,1,"Conference","Scenario 1",21,8.74729967589456
2,1,1,"Conference","Scenario 1",21,8.88769985058571
3,1,1,"Conference","Scenario 1",21,7.92162871841445
4,1,1,"Conference","Scenario 1",21,8.488527861485
5,1,1,"Conference","Scenario 1",21,8.96254482394144
6,1,1,"Conference","Scenario 1",21,9.66120321244305
7,1,1,"Conference","Scenario 1",21,8.84274415085581
8,1,1,"Conference","Scenario 1",21,NA
9,1,1,"Conference","Scenario 1",21,8.42914767407492
10,1,1,"Conference","Scenario 1",21,8.53396066589942
11,1,1,"Conference","Scenario 1",21,8.45933730020016
12,1,1,"Conference","Scenario 1",21,9.46603089555349
13,1,1,"Conference","Scenario 1",21,9.47878794053597
14,1,1,"Conference","Scenario 1",21,8.39036036276456
15,1,1,"Conference","Scenario 1",21,9.24868275865291
16,1,1,"Conference","Scenario 1",21,9.53338340956837
17,1,1,"Conference","Scenario 1",21,8.72875502245208
18,1,1,"Conference","Scenario 1",21,8.74151728199953
19,1,1,"Conference","Scenario 1",21,8.61698128037854
20,1,1,"Conference","Scenario 1",21,8.81219657238045
21,1,1,"Conference","Scenario 1",21,8.33130341174555
22,1,1,"Conference","Scenario 1",21,8.96997130880692
23,1,1,"Conference","Scenario 1",21,8.55149102848137
24,1,1,"Conference","Scenario 1",21,8.66948870481938
25,2,1,"Doyenne","Scenario 1",21,7.31990346473757
26,2,1,"Doyenne","Scenario 1",21,7.45988218357059
27,2,1,"Doyenne","Scenario 1",21,7.26793968646119
28,2,1,"Doyenne","Scenario 1",21,7.30324474756826
29,2,1,"Doyenne","Scenario 1",21,7.08027383857733
30,2,1,"Doyenne","Scenario 1",21,7.15399517533652
31,2,1,"Doyenne","Scenario 1",21,6.99348670697829
32,2,1,"Doyenne","Scenario 1",21,NA
33,2,1,"Doyenne","Scenario 1",21,7.51845561198659
34,2,1,"Doyenne","Scenario 1",21,7.01526894103199
35,2,1,"Doyenne","Scenario 1",21,6.98793458380345
36,2,1,"Doyenne","Scenario 1",21,NA
37,2,1,"Doyenne","Scenario 1",21,7.01037585277314
38,2,1,"Doyenne","Scenario 1",21,7.14534279207052
39,2,1,"Doyenne","Scenario 1",21,7.18544331139058
40,2,1,"Doyenne","Scenario 1",21,7.55024082387121
41,2,1,"Doyenne","Scenario 1",21,7.58684960877646
42,2,1,"Doyenne","Scenario 1",21,7.50224438412247
43,2,1,"Doyenne","Scenario 1",21,7.62915165157523
44,2,1,"Doyenne","Scenario 1",21,7.21127942216661
45,2,1,"Doyenne","Scenario 1",21,6.98886636144957
46,2,1,"Doyenne","Scenario 1",21,7.39245996761239
47,2,1,"Doyenne","Scenario 1",21,7.34879360122444
48,2,1,"Doyenne","Scenario 1",21,NA
49,2,1,"Doyenne","Scenario 1",21,7.27793676087952
50,3,2,"Conference","Scenario 2",21,9.06927573500321
51,3,2,"Conference","Scenario 2",21,9.43391727275161
52,3,2,"Conference","Scenario 2",21,9.58724048050019
53,3,2,"Conference","Scenario 2",21,9.53178091131942
54,3,2,"Conference","Scenario 2",21,10.2886723718487
55,3,2,"Conference","Scenario 2",21,10.3737988840574
56,3,2,"Conference","Scenario 2",21,10.0861424347476
57,3,2,"Conference","Scenario 2",21,9.90219956720599
58,3,2,"Conference","Scenario 2",21,10.449528889937
59,3,2,"Conference","Scenario 2",21,9.68680224358281
60,3,2,"Conference","Scenario 2",21,10.2547659111591
61,3,2,"Conference","Scenario 2",21,10.2206433138002
62,3,2,"Conference","Scenario 2",21,8.99928462206123
63,3,2,"Conference","Scenario 2",21,9.74249414170384
64,3,2,"Conference","Scenario 2",21,10.7170073940013
65,3,2,"Conference","Scenario 2",21,9.33185544756765
66,3,2,"Conference","Scenario 2",21,10.2868701071462
67,3,2,"Conference","Scenario 2",21,9.51328465895021
68,3,2,"Conference","Scenario 2",21,9.35631492215841
69,3,2,"Conference","Scenario 2",21,9.9189671314694
70,3,2,"Conference","Scenario 2",21,9.72568184956528
71,4,2,"Doyenne","Scenario 2",21,8.41143757273363
72,4,2,"Doyenne","Scenario 2",21,8.80591606558958
73,4,2,"Doyenne","Scenario 2",21,NA
74,4,2,"Doyenne","Scenario 2",21,8.79399490521738
75,4,2,"Doyenne","Scenario 2",21,NA
76,4,2,"Doyenne","Scenario 2",21,8.02068005917274
77,4,2,"Doyenne","Scenario 2",21,8.95911944906067
78,4,2,"Doyenne","Scenario 2",21,8.35255942528904
79,4,2,"Doyenne","Scenario 2",21,NA
80,4,2,"Doyenne","Scenario 2",21,7.4886242195368
81,4,2,"Doyenne","Scenario 2",21,NA
82,4,2,"Doyenne","Scenario 2",21,7.71697742355966
83,4,2,"Doyenne","Scenario 2",21,7.88829051303401
84,4,2,"Doyenne","Scenario 2",21,8.8288991620499
85,4,2,"Doyenne","Scenario 2",21,8.65866497848258
86,4,2,"Doyenne","Scenario 2",21,8.50463154012582
87,4,2,"Doyenne","Scenario 2",21,9.12513943139585
88,4,2,"Doyenne","Scenario 2",21,8.7131861147972
89,4,2,"Doyenne","Scenario 2",21,7.98001661993275
90,4,2,"Doyenne","Scenario 2",21,8.25021714148366
91,4,2,"Doyenne","Scenario 2",21,8.5355744102788
92,4,2,"Doyenne","Scenario 2",21,8.24582072138016
93,5,3,"Conference","Scenario 3",21,8.74102595536036
94,5,3,"Conference","Scenario 3",21,8.36442609942171
95,5,3,"Conference","Scenario 3",21,9.08965735933654
96,5,3,"Conference","Scenario 3",21,9.21872334840657
97,5,3,"Conference","Scenario 3",21,9.08949943554731
98,5,3,"Conference","Scenario 3",21,8.77027544692377
99,5,3,"Conference","Scenario 3",21,9.13961607142516
100,5,3,"Conference","Scenario 3",21,8.34465014376346
101,5,3,"Conference","Scenario 3",21,8.84538553449537
102,5,3,"Conference","Scenario 3",21,9.22844845339821
103,5,3,"Conference","Scenario 3",21,9.70588634670949
104,5,3,"Conference","Scenario 3",21,8.38746379980372
105,5,3,"Conference","Scenario 3",21,8.19011736786844
106,5,3,"Conference","Scenario 3",21,9.16984904435086
107,5,3,"Conference","Scenario 3",21,9.17281167692014
108,5,3,"Conference","Scenario 3",21,9.46665063253154
109,5,3,"Conference","Scenario 3",21,8.91028629062765
110,5,3,"Conference","Scenario 3",21,8.499070740582
111,5,3,"Conference","Scenario 3",21,8.96392424666999
112,5,3,"Conference","Scenario 3",21,9.5428314601117
113,5,3,"Conference","Scenario 3",21,8.2933531379984
114,5,3,"Conference","Scenario 3",21,9.14298746573845
115,5,3,"Conference","Scenario 3",21,NA
116,5,3,"Conference","Scenario 3",21,8.9627478916082
117,5,3,"Conference","Scenario 3",21,9.00879707635116
118,5,3,"Conference","Scenario 3",21,9.0818816230217
119,5,3,"Conference","Scenario 3",21,9.41266013301912
120,5,3,"Conference","Scenario 3",21,9.0108297361931
121,6,3,"Doyenne","Scenario 3",21,7.75391371895342
122,6,3,"Doyenne","Scenario 3",21,7.3614098274826
123,6,3,"Doyenne","Scenario 3",21,7.39923554934495
124,6,3,"Doyenne","Scenario 3",21,7.56968585909252
125,6,3,"Doyenne","Scenario 3",21,6.88988184675343
126,6,3,"Doyenne","Scenario 3",21,7.53842785584502
127,6,3,"Doyenne","Scenario 3",21,7.40061029285154
128,6,3,"Doyenne","Scenario 3",21,7.46254732235058
129,6,3,"Doyenne","Scenario 3",21,7.35842409227554
130,6,3,"Doyenne","Scenario 3",21,NA
131,6,3,"Doyenne","Scenario 3",21,7.77807453744122
132,6,3,"Doyenne","Scenario 3",21,7.17263328040787
133,6,3,"Doyenne","Scenario 3",21,7.30692430914468
134,6,3,"Doyenne","Scenario 3",21,7.44220339340304
135,6,3,"Doyenne","Scenario 3",21,7.33812763771752
136,6,3,"Doyenne","Scenario 3",21,7.11958150011176
137,6,3,"Doyenne","Scenario 3",21,7.79657449694435
138,6,3,"Doyenne","Scenario 3",21,6.86424652454646
139,6,3,"Doyenne","Scenario 3",21,7.5642548727824
140,6,3,"Doyenne","Scenario 3",21,NA
141,6,3,"Doyenne","Scenario 3",21,6.76238359156129
142,6,3,"Doyenne","Scenario 3",21,7.9863317191257
143,7,4,"Conference","Scenario 4",21,8.10296036468858
144,7,4,"Conference","Scenario 4",21,NA
145,7,4,"Conference","Scenario 4",21,8.49671811687954
146,7,4,"Conference","Scenario 4",21,8.73729255533934
147,7,4,"Conference","Scenario 4",21,8.35604411642186
148,7,4,"Conference","Scenario 4",21,NA
149,7,4,"Conference","Scenario 4",21,8.24433176693033
150,7,4,"Conference","Scenario 4",21,8.66282691295086
151,7,4,"Conference","Scenario 4",21,8.4769406654849
152,7,4,"Conference","Scenario 4",21,8.48404971888165
153,7,4,"Conference","Scenario 4",21,9.03419366138611
154,7,4,"Conference","Scenario 4",21,8.32248717262192
155,7,4,"Conference","Scenario 4",21,NA
156,7,4,"Conference","Scenario 4",21,8.9937268160617
157,7,4,"Conference","Scenario 4",21,8.35845395956852
158,7,4,"Conference","Scenario 4",21,7.85780191650141
159,7,4,"Conference","Scenario 4",21,7.89671426716326
160,7,4,"Conference","Scenario 4",21,8.27105127753528
161,7,4,"Conference","Scenario 4",21,NA
162,7,4,"Conference","Scenario 4",21,8.78139602202141
163,7,4,"Conference","Scenario 4",21,8.56467268731168
164,7,4,"Conference","Scenario 4",21,8.41639123849504
165,7,4,"Conference","Scenario 4",21,8.12124117968449
166,7,4,"Conference","Scenario 4",21,8.47341636136552
167,7,4,"Conference","Scenario 4",21,8.77274642506035
168,7,4,"Conference","Scenario 4",21,8.27979290134011
169,7,4,"Conference","Scenario 4",21,8.45949915309629
170,7,4,"Conference","Scenario 4",21,7.94591661934587
171,8,4,"Doyenne","Scenario 4",21,6.63483917251639
172,8,4,"Doyenne","Scenario 4",21,7.26858337493085
173,8,4,"Doyenne","Scenario 4",21,7.15856061920605
174,8,4,"Doyenne","Scenario 4",21,6.87615284321363
175,8,4,"Doyenne","Scenario 4",21,7.10475051106883
176,8,4,"Doyenne","Scenario 4",21,7.15159955155809
177,8,4,"Doyenne","Scenario 4",21,7.3787065249564
178,8,4,"Doyenne","Scenario 4",21,7.2570242590133
179,8,4,"Doyenne","Scenario 4",21,7.42621619899322
180,8,4,"Doyenne","Scenario 4",21,7.16863621410631
181,8,4,"Doyenne","Scenario 4",21,6.87552509459567
182,8,4,"Doyenne","Scenario 4",21,7.66340704099765
183,8,4,"Doyenne","Scenario 4",21,7.1877613304446
184,8,4,"Doyenne","Scenario 4",21,7.73492493273929
185,8,4,"Doyenne","Scenario 4",21,7.21282810611856
186,8,4,"Doyenne","Scenario 4",21,6.66568644827832
187,8,4,"Doyenne","Scenario 4",21,6.50446125966323
188,8,4,"Doyenne","Scenario 4",21,6.05658399254025
189,8,4,"Doyenne","Scenario 4",21,7.37445922841436
190,8,4,"Doyenne","Scenario 4",21,6.86147023945491
191,8,4,"Doyenne","Scenario 4",21,6.72183269284147
192,8,4,"Doyenne","Scenario 4",21,7.24108501068734
1,1,1,"Conference","Scenario 1",22,9.29313276912995
2,1,1,"Conference","Scenario 1",22,9.48731310779621
3,1,1,"Conference","Scenario 1",22,8.37962967669412
4,1,1,"Conference","Scenario 1",22,8.86934548589902
5,1,1,"Conference","Scenario 1",22,9.48021362311529
6,1,1,"Conference","Scenario 1",22,10.057993561549
7,1,1,"Conference","Scenario 1",22,8.87229755212516
8,1,1,"Conference","Scenario 1",22,NA
9,1,1,"Conference","Scenario 1",22,8.62083017432404
10,1,1,"Conference","Scenario 1",22,8.81993972389606
11,1,1,"Conference","Scenario 1",22,9.27564963604199
12,1,1,"Conference","Scenario 1",22,9.81616017649118
13,1,1,"Conference","Scenario 1",22,9.79292719848287
14,1,1,"Conference","Scenario 1",22,8.89294388028951
15,1,1,"Conference","Scenario 1",22,9.4008539178657
16,1,1,"Conference","Scenario 1",22,9.96416820763822
17,1,1,"Conference","Scenario 1",22,8.85531570790026
18,1,1,"Conference","Scenario 1",22,9.44796645443927
19,1,1,"Conference","Scenario 1",22,9.3931004720237
20,1,1,"Conference","Scenario 1",22,8.88910713971023
21,1,1,"Conference","Scenario 1",22,8.97395859092301
22,1,1,"Conference","Scenario 1",22,9.57697815936982
23,1,1,"Conference","Scenario 1",22,8.62018909796538
24,1,1,"Conference","Scenario 1",22,8.74188973902865
25,2,1,"Doyenne","Scenario 1",22,7.62631245928834
26,2,1,"Doyenne","Scenario 1",22,7.84400505506727
27,2,1,"Doyenne","Scenario 1",22,7.35014361403591
28,2,1,"Doyenne","Scenario 1",22,7.68845910481257
29,2,1,"Doyenne","Scenario 1",22,7.08393379564371
30,2,1,"Doyenne","Scenario 1",22,7.37080955730467
31,2,1,"Doyenne","Scenario 1",22,7.31888393386725
32,2,1,"Doyenne","Scenario 1",22,NA
33,2,1,"Doyenne","Scenario 1",22,7.75437919638514
34,2,1,"Doyenne","Scenario 1",22,7.30744209058663
35,2,1,"Doyenne","Scenario 1",22,7.19743590638096
36,2,1,"Doyenne","Scenario 1",22,NA
37,2,1,"Doyenne","Scenario 1",22,7.15677710339033
38,2,1,"Doyenne","Scenario 1",22,7.27146983262036
39,2,1,"Doyenne","Scenario 1",22,NA
40,2,1,"Doyenne","Scenario 1",22,7.8581560940747
41,2,1,"Doyenne","Scenario 1",22,7.99797007144893
42,2,1,"Doyenne","Scenario 1",22,7.64332027437213
43,2,1,"Doyenne","Scenario 1",22,7.6336604785786
44,2,1,"Doyenne","Scenario 1",22,7.96528654769297
45,2,1,"Doyenne","Scenario 1",22,7.30885742961718
46,2,1,"Doyenne","Scenario 1",22,7.79205129149556
47,2,1,"Doyenne","Scenario 1",22,7.41748693905243
48,2,1,"Doyenne","Scenario 1",22,NA
49,2,1,"Doyenne","Scenario 1",22,7.51435857346571
50,3,2,"Conference","Scenario 2",22,9.37924315911571
51,3,2,"Conference","Scenario 2",22,10.2825348680314
52,3,2,"Conference","Scenario 2",22,10.0908188576438
53,3,2,"Conference","Scenario 2",22,10.4809576020544
54,3,2,"Conference","Scenario 2",22,10.2987025391811
55,3,2,"Conference","Scenario 2",22,10.9293017654216
56,3,2,"Conference","Scenario 2",22,10.4988464658914
57,3,2,"Conference","Scenario 2",22,10.1104164084196
58,3,2,"Conference","Scenario 2",22,10.9089686099658
59,3,2,"Conference","Scenario 2",22,9.86695583208454
60,3,2,"Conference","Scenario 2",22,10.3704824995307
61,3,2,"Conference","Scenario 2",22,10.4081030180542
62,3,2,"Conference","Scenario 2",22,9.63972614179401
63,3,2,"Conference","Scenario 2",22,9.98673997922687
64,3,2,"Conference","Scenario 2",22,10.7480390747551
65,3,2,"Conference","Scenario 2",22,10.1038892430272
66,3,2,"Conference","Scenario 2",22,11.0127383613849
67,3,2,"Conference","Scenario 2",22,9.77758561513138
68,3,2,"Conference","Scenario 2",22,9.90605536670485
69,3,2,"Conference","Scenario 2",22,10.7241705594991
70,3,2,"Conference","Scenario 2",22,9.93553760953078
71,4,2,"Doyenne","Scenario 2",22,8.71755477618518
72,4,2,"Doyenne","Scenario 2",22,9.38433055667039
73,4,2,"Doyenne","Scenario 2",22,NA
74,4,2,"Doyenne","Scenario 2",22,8.9190250974577
75,4,2,"Doyenne","Scenario 2",22,NA
76,4,2,"Doyenne","Scenario 2",22,8.04314320770651
77,4,2,"Doyenne","Scenario 2",22,9.46531316449255
78,4,2,"Doyenne","Scenario 2",22,8.64062546336698
79,4,2,"Doyenne","Scenario 2",22,NA
80,4,2,"Doyenne","Scenario 2",22,8.10172046613468
81,4,2,"Doyenne","Scenario 2",22,NA
82,4,2,"Doyenne","Scenario 2",22,8.20808921277618
83,4,2,"Doyenne","Scenario 2",22,8.1901704274055
84,4,2,"Doyenne","Scenario 2",22,8.93235844128005
85,4,2,"Doyenne","Scenario 2",22,9.18442761932233
86,4,2,"Doyenne","Scenario 2",22,8.69675201852736
87,4,2,"Doyenne","Scenario 2",22,9.42667101835571
88,4,2,"Doyenne","Scenario 2",22,8.83624608209756
89,4,2,"Doyenne","Scenario 2",22,8.24766404697305
90,4,2,"Doyenne","Scenario 2",22,8.88068865527555
91,4,2,"Doyenne","Scenario 2",22,8.56405688001733
92,4,2,"Doyenne","Scenario 2",22,NA
93,5,3,"Conference","Scenario 3",22,8.86941670905293
94,5,3,"Conference","Scenario 3",22,9.29271733953305
95,5,3,"Conference","Scenario 3",22,9.21616893037041
96,5,3,"Conference","Scenario 3",22,9.30116485835129
97,5,3,"Conference","Scenario 3",22,9.39051862198062
98,5,3,"Conference","Scenario 3",22,8.85925420818108
99,5,3,"Conference","Scenario 3",22,9.1611812835734
100,5,3,"Conference","Scenario 3",22,9.13455985392079
101,5,3,"Conference","Scenario 3",22,9.11883412325131
102,5,3,"Conference","Scenario 3",22,9.61607223006504
103,5,3,"Conference","Scenario 3",22,9.9773489226991
104,5,3,"Conference","Scenario 3",22,8.74217900636652
105,5,3,"Conference","Scenario 3",22,8.52449017281981
106,5,3,"Conference","Scenario 3",22,10.0016128518095
107,5,3,"Conference","Scenario 3",22,9.21806927177497
108,5,3,"Conference","Scenario 3",22,9.47641881431302
109,5,3,"Conference","Scenario 3",22,9.41123259867372
110,5,3,"Conference","Scenario 3",22,8.80059901701682
111,5,3,"Conference","Scenario 3",22,9.27473387985202
112,5,3,"Conference","Scenario 3",22,9.54819630448997
113,5,3,"Conference","Scenario 3",22,8.30468568835697
114,5,3,"Conference","Scenario 3",22,9.49021760208857
115,5,3,"Conference","Scenario 3",22,NA
116,5,3,"Conference","Scenario 3",22,9.16798711430206
117,5,3,"Conference","Scenario 3",22,9.06261410428846
118,5,3,"Conference","Scenario 3",22,9.21889140052436
119,5,3,"Conference","Scenario 3",22,9.74221246852454
120,5,3,"Conference","Scenario 3",22,9.40512706986537
121,6,3,"Doyenne","Scenario 3",22,7.89137423592284
122,6,3,"Doyenne","Scenario 3",22,7.74779588530685
123,6,3,"Doyenne","Scenario 3",22,7.91373184894987
124,6,3,"Doyenne","Scenario 3",22,8.10633723825347
125,6,3,"Doyenne","Scenario 3",22,6.9205000324376
126,6,3,"Doyenne","Scenario 3",22,7.74892244287527
127,6,3,"Doyenne","Scenario 3",22,7.46187035390311
128,6,3,"Doyenne","Scenario 3",22,7.7229766675099
129,6,3,"Doyenne","Scenario 3",22,7.41799395957384
130,6,3,"Doyenne","Scenario 3",22,NA
131,6,3,"Doyenne","Scenario 3",22,7.86618833348543
132,6,3,"Doyenne","Scenario 3",22,7.17522495514791
133,6,3,"Doyenne","Scenario 3",22,7.44465114456147
134,6,3,"Doyenne","Scenario 3",22,7.52271544202454
135,6,3,"Doyenne","Scenario 3",22,7.35798266067256
136,6,3,"Doyenne","Scenario 3",22,7.50491910278993
137,6,3,"Doyenne","Scenario 3",22,7.80162743017936
138,6,3,"Doyenne","Scenario 3",22,7.30308572958686
139,6,3,"Doyenne","Scenario 3",22,7.57977591791643
140,6,3,"Doyenne","Scenario 3",22,NA
141,6,3,"Doyenne","Scenario 3",22,6.8585743940173
142,6,3,"Doyenne","Scenario 3",22,7.99906187422759
143,7,4,"Conference","Scenario 4",22,8.98495894320443
144,7,4,"Conference","Scenario 4",22,NA
145,7,4,"Conference","Scenario 4",22,8.50302555434715
146,7,4,"Conference","Scenario 4",22,9.03050892065039
147,7,4,"Conference","Scenario 4",22,8.49951604769269
148,7,4,"Conference","Scenario 4",22,NA
149,7,4,"Conference","Scenario 4",22,8.3838364559092
150,7,4,"Conference","Scenario 4",22,8.8851189289556
151,7,4,"Conference","Scenario 4",22,8.85901813724693
152,7,4,"Conference","Scenario 4",22,8.57430078316192
153,7,4,"Conference","Scenario 4",22,9.19195451089443
154,7,4,"Conference","Scenario 4",22,8.49562766746959
155,7,4,"Conference","Scenario 4",22,NA
156,7,4,"Conference","Scenario 4",22,9.05198389783867
157,7,4,"Conference","Scenario 4",22,8.47835932113693
158,7,4,"Conference","Scenario 4",22,7.90836574823383
159,7,4,"Conference","Scenario 4",22,7.98434996109341
160,7,4,"Conference","Scenario 4",22,8.57686439420753
161,7,4,"Conference","Scenario 4",22,NA
162,7,4,"Conference","Scenario 4",22,9.10925255715657
163,7,4,"Conference","Scenario 4",22,8.64096584705414
164,7,4,"Conference","Scenario 4",22,8.85073268568382
165,7,4,"Conference","Scenario 4",22,8.25934674460913
166,7,4,"Conference","Scenario 4",22,8.54112654550682
167,7,4,"Conference","Scenario 4",22,8.92075745744144
168,7,4,"Conference","Scenario 4",22,8.48705614645202
169,7,4,"Conference","Scenario 4",22,8.60653418625423
170,7,4,"Conference","Scenario 4",22,8.09496646795132
171,8,4,"Doyenne","Scenario 4",22,7.05599503410544
172,8,4,"Doyenne","Scenario 4",22,7.81626503050505
173,8,4,"Doyenne","Scenario 4",22,7.73687639030424
174,8,4,"Doyenne","Scenario 4",22,7.65395390730879
175,8,4,"Doyenne","Scenario 4",22,7.23208097185853
176,8,4,"Doyenne","Scenario 4",22,7.30488391736849
177,8,4,"Doyenne","Scenario 4",22,7.56220199460034
178,8,4,"Doyenne","Scenario 4",22,7.33980620381745
179,8,4,"Doyenne","Scenario 4",22,7.62487657979595
180,8,4,"Doyenne","Scenario 4",22,7.45815683389159
181,8,4,"Doyenne","Scenario 4",22,6.90009505928521
182,8,4,"Doyenne","Scenario 4",22,7.8480600076456
183,8,4,"Doyenne","Scenario 4",22,7.42714163733037
184,8,4,"Doyenne","Scenario 4",22,8.16572610296783
185,8,4,"Doyenne","Scenario 4",22,7.35063771546994
186,8,4,"Doyenne","Scenario 4",22,6.75601881909909
187,8,4,"Doyenne","Scenario 4",22,6.6846200898759
188,8,4,"Doyenne","Scenario 4",22,6.74142796509296
189,8,4,"Doyenne","Scenario 4",22,7.56048299554081
190,8,4,"Doyenne","Scenario 4",22,7.10892961110275
191,8,4,"Doyenne","Scenario 4",22,7.05093983539313
192,8,4,"Doyenne","Scenario 4",22,7.35150870273747
1,1,1,"Conference","Scenario 1",23,NA
2,1,1,"Conference","Scenario 1",23,9.82483729317693
3,1,1,"Conference","Scenario 1",23,8.59876921597724
4,1,1,"Conference","Scenario 1",23,8.86934548589902
5,1,1,"Conference","Scenario 1",23,9.91694132860454
6,1,1,"Conference","Scenario 1",23,10.057993561549
7,1,1,"Conference","Scenario 1",23,8.95653075322873
8,1,1,"Conference","Scenario 1",23,NA
9,1,1,"Conference","Scenario 1",23,9.46375874003323
10,1,1,"Conference","Scenario 1",23,9.61657471716782
11,1,1,"Conference","Scenario 1",23,9.35309936221948
12,1,1,"Conference","Scenario 1",23,10.130183670556
13,1,1,"Conference","Scenario 1",23,10.0525030672531
14,1,1,"Conference","Scenario 1",23,9.31292693585659
15,1,1,"Conference","Scenario 1",23,9.55302507707849
16,1,1,"Conference","Scenario 1",23,9.96416820763822
17,1,1,"Conference","Scenario 1",23,9.03878239069441
18,1,1,"Conference","Scenario 1",23,9.47480197078652
19,1,1,"Conference","Scenario 1",23,9.6331479744752
20,1,1,"Conference","Scenario 1",23,9.4127390708985
21,1,1,"Conference","Scenario 1",23,9.39940870838286
22,1,1,"Conference","Scenario 1",23,9.74096045355777
23,1,1,"Conference","Scenario 1",23,9.31197393685759
24,1,1,"Conference","Scenario 1",23,8.81429077323792
25,2,1,"Doyenne","Scenario 1",23,7.9327214538391
26,2,1,"Doyenne","Scenario 1",23,8.0324535895038
27,2,1,"Doyenne","Scenario 1",23,7.73948551044569
28,2,1,"Doyenne","Scenario 1",23,7.68932744919042
29,2,1,"Doyenne","Scenario 1",23,7.31457878686424
30,2,1,"Doyenne","Scenario 1",23,7.56917465188947
31,2,1,"Doyenne","Scenario 1",23,7.48852160657042
32,2,1,"Doyenne","Scenario 1",23,NA
33,2,1,"Doyenne","Scenario 1",23,7.99030278078368
34,2,1,"Doyenne","Scenario 1",23,7.59961524014127
35,2,1,"Doyenne","Scenario 1",23,7.51950990513478
36,2,1,"Doyenne","Scenario 1",23,NA
37,2,1,"Doyenne","Scenario 1",23,7.30317835400753
38,2,1,"Doyenne","Scenario 1",23,7.39759687317019
39,2,1,"Doyenne","Scenario 1",23,NA
40,2,1,"Doyenne","Scenario 1",23,8.23051073215884
41,2,1,"Doyenne","Scenario 1",23,8.40909053412139
42,2,1,"Doyenne","Scenario 1",23,7.7843961646218
43,2,1,"Doyenne","Scenario 1",23,8.01217035275323
44,2,1,"Doyenne","Scenario 1",23,8.01553621657831
45,2,1,"Doyenne","Scenario 1",23,7.56032763491988
46,2,1,"Doyenne","Scenario 1",23,7.88518433077414
47,2,1,"Doyenne","Scenario 1",23,7.67771085298513
48,2,1,"Doyenne","Scenario 1",23,NA
49,2,1,"Doyenne","Scenario 1",23,8.05789417757182
50,3,2,"Conference","Scenario 2",23,9.88078687591011
51,3,2,"Conference","Scenario 2",23,10.577575912284
52,3,2,"Conference","Scenario 2",23,10.1915981649403
53,3,2,"Conference","Scenario 2",23,10.6423080816279
54,3,2,"Conference","Scenario 2",23,10.3087327065134
55,3,2,"Conference","Scenario 2",23,10.9653703877179
56,3,2,"Conference","Scenario 2",23,10.9115504970352
57,3,2,"Conference","Scenario 2",23,10.1251885609381
58,3,2,"Conference","Scenario 2",23,10.938161365513
59,3,2,"Conference","Scenario 2",23,10.6289050220362
60,3,2,"Conference","Scenario 2",23,10.6186529288975
61,3,2,"Conference","Scenario 2",23,10.7519768536253
62,3,2,"Conference","Scenario 2",23,10.1169958403974
63,3,2,"Conference","Scenario 2",23,10.726329124969
64,3,2,"Conference","Scenario 2",23,10.7631337261322
65,3,2,"Conference","Scenario 2",23,10.3078083133518
66,3,2,"Conference","Scenario 2",23,11.0981096222841
67,3,2,"Conference","Scenario 2",23,10.1864432256092
68,3,2,"Conference","Scenario 2",23,10.1688889009337
69,3,2,"Conference","Scenario 2",23,10.9503536983248
70,3,2,"Conference","Scenario 2",23,10.0569946036962
71,4,2,"Doyenne","Scenario 2",23,8.77292718844654
72,4,2,"Doyenne","Scenario 2",23,9.51307738211743
73,4,2,"Doyenne","Scenario 2",23,NA
74,4,2,"Doyenne","Scenario 2",23,9.01069170538216
75,4,2,"Doyenne","Scenario 2",23,NA
76,4,2,"Doyenne","Scenario 2",23,8.54889228453314
77,4,2,"Doyenne","Scenario 2",23,9.46531316449255
78,4,2,"Doyenne","Scenario 2",23,8.64418024867019
79,4,2,"Doyenne","Scenario 2",23,NA
80,4,2,"Doyenne","Scenario 2",23,8.10172046613468
81,4,2,"Doyenne","Scenario 2",23,NA
82,4,2,"Doyenne","Scenario 2",23,8.69920100199269
83,4,2,"Doyenne","Scenario 2",23,8.72300403875991
84,4,2,"Doyenne","Scenario 2",23,9.03581772051019
85,4,2,"Doyenne","Scenario 2",23,9.18442761932233
86,4,2,"Doyenne","Scenario 2",23,9.4515267925118
87,4,2,"Doyenne","Scenario 2",23,9.72820260531557
88,4,2,"Doyenne","Scenario 2",23,9.21939037373808
89,4,2,"Doyenne","Scenario 2",23,8.72294606648486
90,4,2,"Doyenne","Scenario 2",23,9.09859496979337
91,4,2,"Doyenne","Scenario 2",23,8.87355004871612
92,4,2,"Doyenne","Scenario 2",23,NA
93,5,3,"Conference","Scenario 3",23,9.0029743822688
94,5,3,"Conference","Scenario 3",23,9.35735816041454
95,5,3,"Conference","Scenario 3",23,9.34268050140427
96,5,3,"Conference","Scenario 3",23,9.49863447043829
97,5,3,"Conference","Scenario 3",23,9.69153780841392
98,5,3,"Conference","Scenario 3",23,9.42256387302248
99,5,3,"Conference","Scenario 3",23,9.29117429458443
100,5,3,"Conference","Scenario 3",23,9.13455985392079
101,5,3,"Conference","Scenario 3",23,9.38205530787945
102,5,3,"Conference","Scenario 3",23,9.9736663070605
103,5,3,"Conference","Scenario 3",23,10.2488114986887
104,5,3,"Conference","Scenario 3",23,9.09689421292932
105,5,3,"Conference","Scenario 3",23,8.70528122011557
106,5,3,"Conference","Scenario 3",23,10.1794240705475
107,5,3,"Conference","Scenario 3",23,9.26332686662981
108,5,3,"Conference","Scenario 3",23,9.48618699609451
109,5,3,"Conference","Scenario 3",23,9.449286922959
110,5,3,"Conference","Scenario 3",23,8.82282876133578
111,5,3,"Conference","Scenario 3",23,9.73765051670721
112,5,3,"Conference","Scenario 3",23,10.3074242329481
113,5,3,"Conference","Scenario 3",23,9.56799951894185
114,5,3,"Conference","Scenario 3",23,9.83744773843868
115,5,3,"Conference","Scenario 3",23,NA
116,5,3,"Conference","Scenario 3",23,9.37322633699591
117,5,3,"Conference","Scenario 3",23,9.11643113222577
118,5,3,"Conference","Scenario 3",23,9.70971531541497
119,5,3,"Conference","Scenario 3",23,9.78692231874389
120,5,3,"Conference","Scenario 3",23,10.2803991618107
121,6,3,"Doyenne","Scenario 3",23,8.11057365918306
122,6,3,"Doyenne","Scenario 3",23,7.74779588530685
123,6,3,"Doyenne","Scenario 3",23,7.9716916246619
124,6,3,"Doyenne","Scenario 3",23,8.28165840985163
125,6,3,"Doyenne","Scenario 3",23,6.95111821812177
126,6,3,"Doyenne","Scenario 3",23,7.74892244287527
127,6,3,"Doyenne","Scenario 3",23,7.59288156041917
128,6,3,"Doyenne","Scenario 3",23,8.429248347044
129,6,3,"Doyenne","Scenario 3",23,7.49346613293236
130,6,3,"Doyenne","Scenario 3",23,NA
131,6,3,"Doyenne","Scenario 3",23,8.18174303667329
132,6,3,"Doyenne","Scenario 3",23,7.30085142279675
133,6,3,"Doyenne","Scenario 3",23,8.21021065208436
134,6,3,"Doyenne","Scenario 3",23,7.90667831520915
135,6,3,"Doyenne","Scenario 3",23,7.37783768362759
136,6,3,"Doyenne","Scenario 3",23,7.64157211059288
137,6,3,"Doyenne","Scenario 3",23,8.38440497178096
138,6,3,"Doyenne","Scenario 3",23,NA
139,6,3,"Doyenne","Scenario 3",23,7.59529696305045
140,6,3,"Doyenne","Scenario 3",23,NA
141,6,3,"Doyenne","Scenario 3",23,6.95476519647332
142,6,3,"Doyenne","Scenario 3",23,8.08988421937864
143,7,4,"Conference","Scenario 4",23,9.27742583770974
144,7,4,"Conference","Scenario 4",23,NA
145,7,4,"Conference","Scenario 4",23,8.50933299181476
146,7,4,"Conference","Scenario 4",23,9.2831173789736
147,7,4,"Conference","Scenario 4",23,8.64298797896352
148,7,4,"Conference","Scenario 4",23,NA
149,7,4,"Conference","Scenario 4",23,8.74995164623386
150,7,4,"Conference","Scenario 4",23,9.09674280669179
151,7,4,"Conference","Scenario 4",23,9.19131825286898
152,7,4,"Conference","Scenario 4",23,8.66455184744219
153,7,4,"Conference","Scenario 4",23,9.34971536040275
154,7,4,"Conference","Scenario 4",23,8.75914941858257
155,7,4,"Conference","Scenario 4",23,NA
156,7,4,"Conference","Scenario 4",23,9.11024097961565
157,7,4,"Conference","Scenario 4",23,8.5091079330169
158,7,4,"Conference","Scenario 4",23,8.96276905709378
159,7,4,"Conference","Scenario 4",23,9.0626662949754
160,7,4,"Conference","Scenario 4",23,8.62835045748433
161,7,4,"Conference","Scenario 4",23,NA
162,7,4,"Conference","Scenario 4",23,9.17421502732092
163,7,4,"Conference","Scenario 4",23,9.19675060656522
164,7,4,"Conference","Scenario 4",23,8.85073268568382
165,7,4,"Conference","Scenario 4",23,8.39745230953377
166,7,4,"Conference","Scenario 4",23,8.86719112181715
167,7,4,"Conference","Scenario 4",23,9.06876848982253
168,7,4,"Conference","Scenario 4",23,8.49215798793786
169,7,4,"Conference","Scenario 4",23,8.69621248100399
170,7,4,"Conference","Scenario 4",23,8.24401631655678
171,8,4,"Doyenne","Scenario 4",23,7.47715089569448
172,8,4,"Doyenne","Scenario 4",23,7.92838777070013
173,8,4,"Doyenne","Scenario 4",23,8.08200193414998
174,8,4,"Doyenne","Scenario 4",23,7.65395390730879
175,8,4,"Doyenne","Scenario 4",23,7.62189819117329
176,8,4,"Doyenne","Scenario 4",23,7.30488391736849
177,8,4,"Doyenne","Scenario 4",23,7.73761495391507
178,8,4,"Doyenne","Scenario 4",23,7.42258814862159
179,8,4,"Doyenne","Scenario 4",23,7.82353696059868
180,8,4,"Doyenne","Scenario 4",23,7.58748746132377
181,8,4,"Doyenne","Scenario 4",23,7.24871787410543
182,8,4,"Doyenne","Scenario 4",23,8.15343590826456
183,8,4,"Doyenne","Scenario 4",23,7.43173012607064
184,8,4,"Doyenne","Scenario 4",23,8.16870956057802
185,8,4,"Doyenne","Scenario 4",23,7.65019447234654
186,8,4,"Doyenne","Scenario 4",23,7.09698863850606
187,8,4,"Doyenne","Scenario 4",23,6.86477892008856
188,8,4,"Doyenne","Scenario 4",23,6.91352775926082
189,8,4,"Doyenne","Scenario 4",23,7.74650676266727
190,8,4,"Doyenne","Scenario 4",23,7.35638898275059
191,8,4,"Doyenne","Scenario 4",23,7.3337737276546
192,8,4,"Doyenne","Scenario 4",23,7.51456145534112
1,1,1,"Conference","Scenario 1",24,NA
2,1,1,"Conference","Scenario 1",24,10.1907633084261
3,1,1,"Conference","Scenario 1",24,8.95537516008809
4,1,1,"Conference","Scenario 1",24,8.86934548589902
5,1,1,"Conference","Scenario 1",24,10.3536690340938
6,1,1,"Conference","Scenario 1",24,10.057993561549
7,1,1,"Conference","Scenario 1",24,9.44143434085773
8,1,1,"Conference","Scenario 1",24,NA
9,1,1,"Conference","Scenario 1",24,9.46375874003323
10,1,1,"Conference","Scenario 1",24,9.61657471716782
11,1,1,"Conference","Scenario 1",24,9.43054908839698
12,1,1,"Conference","Scenario 1",24,10.130183670556
13,1,1,"Conference","Scenario 1",24,10.3120789360233
14,1,1,"Conference","Scenario 1",24,9.83281650034654
15,1,1,"Conference","Scenario 1",24,9.69406916126499
16,1,1,"Conference","Scenario 1",24,9.96416820763822
17,1,1,"Conference","Scenario 1",24,9.76064225872659
18,1,1,"Conference","Scenario 1",24,9.50163748713377
19,1,1,"Conference","Scenario 1",24,9.6331479744752
20,1,1,"Conference","Scenario 1",24,9.4127390708985
21,1,1,"Conference","Scenario 1",24,9.39940870838286
22,1,1,"Conference","Scenario 1",24,10.0572305562056
23,1,1,"Conference","Scenario 1",24,9.31197393685759
24,1,1,"Conference","Scenario 1",24,8.88669180744719
25,2,1,"Doyenne","Scenario 1",24,8.12025652072146
26,2,1,"Doyenne","Scenario 1",24,8.19204044969599
27,2,1,"Doyenne","Scenario 1",24,8.18985701911211
28,2,1,"Doyenne","Scenario 1",24,7.69019579356827
29,2,1,"Doyenne","Scenario 1",24,7.54522377808477
30,2,1,"Doyenne","Scenario 1",24,7.76753974647427
31,2,1,"Doyenne","Scenario 1",24,7.65815927927359
32,2,1,"Doyenne","Scenario 1",24,NA
33,2,1,"Doyenne","Scenario 1",24,7.99030278078368
34,2,1,"Doyenne","Scenario 1",24,7.95465820117754
35,2,1,"Doyenne","Scenario 1",24,7.51950990513478
36,2,1,"Doyenne","Scenario 1",24,NA
37,2,1,"Doyenne","Scenario 1",24,7.44957960462472
38,2,1,"Doyenne","Scenario 1",24,7.52372391372003
39,2,1,"Doyenne","Scenario 1",24,NA
40,2,1,"Doyenne","Scenario 1",24,8.60286537024298
41,2,1,"Doyenne","Scenario 1",24,8.82021099679386
42,2,1,"Doyenne","Scenario 1",24,8.3503759765038
43,2,1,"Doyenne","Scenario 1",24,8.37685462312022
44,2,1,"Doyenne","Scenario 1",24,8.06578588546364
45,2,1,"Doyenne","Scenario 1",24,7.9689943006078
46,2,1,"Doyenne","Scenario 1",24,7.97831737005271
47,2,1,"Doyenne","Scenario 1",24,8.40395173664662
48,2,1,"Doyenne","Scenario 1",24,NA
49,2,1,"Doyenne","Scenario 1",24,8.31219797838584
50,3,2,"Conference","Scenario 2",24,10.3823305927045
51,3,2,"Conference","Scenario 2",24,10.9596704433252
52,3,2,"Conference","Scenario 2",24,11.2490438635869
53,3,2,"Conference","Scenario 2",24,10.8036585612013
54,3,2,"Conference","Scenario 2",24,10.3087327065134
55,3,2,"Conference","Scenario 2",24,11.0014390100143
56,3,2,"Conference","Scenario 2",24,10.9115504970352
57,3,2,"Conference","Scenario 2",24,10.2961773771914
58,3,2,"Conference","Scenario 2",24,10.9673541210602
59,3,2,"Conference","Scenario 2",24,11.0233518119243
60,3,2,"Conference","Scenario 2",24,10.9400095707691
61,3,2,"Conference","Scenario 2",24,11.5892219208636
62,3,2,"Conference","Scenario 2",24,10.5942655390008
63,3,2,"Conference","Scenario 2",24,10.798611643323
64,3,2,"Conference","Scenario 2",24,11.7008422963701
65,3,2,"Conference","Scenario 2",24,10.5689911003583
66,3,2,"Conference","Scenario 2",24,11.1834808831834
67,3,2,"Conference","Scenario 2",24,10.5026906985636
68,3,2,"Conference","Scenario 2",24,10.1688889009337
69,3,2,"Conference","Scenario 2",24,11.3621680005832
70,3,2,"Conference","Scenario 2",24,10.6515973805794
71,4,2,"Doyenne","Scenario 2",24,9.61406931130142
72,4,2,"Doyenne","Scenario 2",24,9.96429101136734
73,4,2,"Doyenne","Scenario 2",24,NA
74,4,2,"Doyenne","Scenario 2",24,9.95849346943426
75,4,2,"Doyenne","Scenario 2",24,NA
76,4,2,"Doyenne","Scenario 2",24,8.58016089113312
77,4,2,"Doyenne","Scenario 2",24,9.46531316449255
78,4,2,"Doyenne","Scenario 2",24,9.29427501028781
79,4,2,"Doyenne","Scenario 2",24,NA
80,4,2,"Doyenne","Scenario 2",24,8.10172046613468
81,4,2,"Doyenne","Scenario 2",24,NA
82,4,2,"Doyenne","Scenario 2",24,8.81106874644033
83,4,2,"Doyenne","Scenario 2",24,8.72300403875991
84,4,2,"Doyenne","Scenario 2",24,9.45109217376076
85,4,2,"Doyenne","Scenario 2",24,9.18442761932233
86,4,2,"Doyenne","Scenario 2",24,9.4515267925118
87,4,2,"Doyenne","Scenario 2",24,9.72820260531557
88,4,2,"Doyenne","Scenario 2",24,9.21939037373808
89,4,2,"Doyenne","Scenario 2",24,8.7539466771762
90,4,2,"Doyenne","Scenario 2",24,9.72457323351851
91,4,2,"Doyenne","Scenario 2",24,9.18304321741491
92,4,2,"Doyenne","Scenario 2",24,NA
93,5,3,"Conference","Scenario 3",24,9.11521242824304
94,5,3,"Conference","Scenario 3",24,9.42199898129603
95,5,3,"Conference","Scenario 3",24,10.135360828662
96,5,3,"Conference","Scenario 3",24,10.0311350015123
97,5,3,"Conference","Scenario 3",24,9.7553457390854
98,5,3,"Conference","Scenario 3",24,9.42256387302248
99,5,3,"Conference","Scenario 3",24,9.70321791458837
100,5,3,"Conference","Scenario 3",24,9.13455985392079
101,5,3,"Conference","Scenario 3",24,10.4301577984437
102,5,3,"Conference","Scenario 3",24,10.2786400621533
103,5,3,"Conference","Scenario 3",24,10.5202740746783
104,5,3,"Conference","Scenario 3",24,9.09689421292932
105,5,3,"Conference","Scenario 3",24,8.70528122011557
106,5,3,"Conference","Scenario 3",24,10.1794240705475
107,5,3,"Conference","Scenario 3",24,9.5412412095732
108,5,3,"Conference","Scenario 3",24,9.99228333298777
109,5,3,"Conference","Scenario 3",24,9.87413233614957
110,5,3,"Conference","Scenario 3",24,9.62363305752083
111,5,3,"Conference","Scenario 3",24,9.94710199669108
112,5,3,"Conference","Scenario 3",24,10.3074242329481
113,5,3,"Conference","Scenario 3",24,9.56799951894185
114,5,3,"Conference","Scenario 3",24,9.83744773843868
115,5,3,"Conference","Scenario 3",24,NA
116,5,3,"Conference","Scenario 3",24,9.62322076326863
117,5,3,"Conference","Scenario 3",24,9.80181279919602
118,5,3,"Conference","Scenario 3",24,9.70971531541497
119,5,3,"Conference","Scenario 3",24,10.023362195235
120,5,3,"Conference","Scenario 3",24,10.6437570396748
121,6,3,"Doyenne","Scenario 3",24,8.32977308244327
122,6,3,"Doyenne","Scenario 3",24,7.74779588530685
123,6,3,"Doyenne","Scenario 3",24,8.44075956911242
124,6,3,"Doyenne","Scenario 3",24,8.51617492011407
125,6,3,"Doyenne","Scenario 3",24,7.3973286268975
126,6,3,"Doyenne","Scenario 3",24,7.74892244287527
127,6,3,"Doyenne","Scenario 3",24,7.72389276693523
128,6,3,"Doyenne","Scenario 3",24,8.429248347044
129,6,3,"Doyenne","Scenario 3",24,7.56241315233727
130,6,3,"Doyenne","Scenario 3",24,NA
131,6,3,"Doyenne","Scenario 3",24,8.46103703335118
132,6,3,"Doyenne","Scenario 3",24,7.956253242815
133,6,3,"Doyenne","Scenario 3",24,8.7031815659141
134,6,3,"Doyenne","Scenario 3",24,8.29064118839375
135,6,3,"Doyenne","Scenario 3",24,7.79206619640249
136,6,3,"Doyenne","Scenario 3",24,8.07425510268658
137,6,3,"Doyenne","Scenario 3",24,8.38440497178096
138,6,3,"Doyenne","Scenario 3",24,NA
139,6,3,"Doyenne","Scenario 3",24,8.21649363091609
140,6,3,"Doyenne","Scenario 3",24,NA
141,6,3,"Doyenne","Scenario 3",24,6.96960972379373
142,6,3,"Doyenne","Scenario 3",24,8.69866278946308
143,7,4,"Conference","Scenario 4",24,9.56989273221504
144,7,4,"Conference","Scenario 4",24,NA
145,7,4,"Conference","Scenario 4",24,8.72988650910258
146,7,4,"Conference","Scenario 4",24,9.53572583729681
147,7,4,"Conference","Scenario 4",24,9.16945746542386
148,7,4,"Conference","Scenario 4",24,NA
149,7,4,"Conference","Scenario 4",24,9.11823008381645
150,7,4,"Conference","Scenario 4",24,9.24920058851843
151,7,4,"Conference","Scenario 4",24,9.66634627884651
152,7,4,"Conference","Scenario 4",24,9.13437589530903
153,7,4,"Conference","Scenario 4",24,10.11185983869
154,7,4,"Conference","Scenario 4",24,8.75914941858257
155,7,4,"Conference","Scenario 4",24,NA
156,7,4,"Conference","Scenario 4",24,9.4538333061835
157,7,4,"Conference","Scenario 4",24,9.02161327850419
158,7,4,"Conference","Scenario 4",24,9.11865629695161
159,7,4,"Conference","Scenario 4",24,9.0626662949754
160,7,4,"Conference","Scenario 4",24,8.75730092243554
161,7,4,"Conference","Scenario 4",24,NA
162,7,4,"Conference","Scenario 4",24,9.23917749748527
163,7,4,"Conference","Scenario 4",24,9.19675060656522
164,7,4,"Conference","Scenario 4",24,8.85073268568382
165,7,4,"Conference","Scenario 4",24,8.87579721371912
166,7,4,"Conference","Scenario 4",24,9.07786079137395
167,7,4,"Conference","Scenario 4",24,9.21677952220363
168,7,4,"Conference","Scenario 4",24,8.89395743033997
169,7,4,"Conference","Scenario 4",24,9.17189235208637
170,7,4,"Conference","Scenario 4",24,8.39306616516223
171,8,4,"Doyenne","Scenario 4",24,7.47715089569448
172,8,4,"Doyenne","Scenario 4",24,8.04051051089521
173,8,4,"Doyenne","Scenario 4",24,8.42712747799572
174,8,4,"Doyenne","Scenario 4",24,7.65395390730879
175,8,4,"Doyenne","Scenario 4",24,7.62684596840797
176,8,4,"Doyenne","Scenario 4",24,7.30488391736849
177,8,4,"Doyenne","Scenario 4",24,7.73761495391507
178,8,4,"Doyenne","Scenario 4",24,7.43776950889035
179,8,4,"Doyenne","Scenario 4",24,7.82353696059868
180,8,4,"Doyenne","Scenario 4",24,7.58748746132377
181,8,4,"Doyenne","Scenario 4",24,8.15428160421139
182,8,4,"Doyenne","Scenario 4",24,8.45881180888352
183,8,4,"Doyenne","Scenario 4",24,7.43631861481092
184,8,4,"Doyenne","Scenario 4",24,8.17169301818822
185,8,4,"Doyenne","Scenario 4",24,7.96571605502851
186,8,4,"Doyenne","Scenario 4",24,7.31456809397913
187,8,4,"Doyenne","Scenario 4",24,7.3458582409658
188,8,4,"Doyenne","Scenario 4",24,7.08562755342869
189,8,4,"Doyenne","Scenario 4",24,8.3315498998319
190,8,4,"Doyenne","Scenario 4",24,7.59460240527746
191,8,4,"Doyenne","Scenario 4",24,7.61660761991607
192,8,4,"Doyenne","Scenario 4",24,7.9169420540956
