"ID","location","ecotr_id","tree_id","pear_id","species","climate","quality_idx"
"BE_1_1_1","BE",1,1,1,"Conference","Scenario 1",82
"BE_1_1_2","BE",1,1,2,"Conference","Scenario 1",39
"BE_1_1_3","BE",1,1,3,"Conference","Scenario 1",46
"BE_1_1_4","BE",1,1,4,"Conference","Scenario 1",42
"BE_1_1_5","BE",1,1,5,"Conference","Scenario 1",90
"BE_1_1_6","BE",1,1,6,"Conference","Scenario 1",44
"BE_1_1_7","BE",1,1,7,"Conference","Scenario 1",14
"BE_1_1_8","BE",1,1,8,"Conference","Scenario 1",27
"BE_1_1_9","BE",1,1,9,"Conference","Scenario 1",98
"BE_1_1_10","BE",1,1,10,"Conference","Scenario 1",38
"BE_1_1_11","BE",1,1,11,"Conference","Scenario 1",61
"BE_1_1_12","BE",1,1,12,"Conference","Scenario 1",34
"BE_1_1_13","BE",1,1,13,"Conference","Scenario 1",28
"BE_1_1_14","BE",1,1,14,"Conference","Scenario 1",37
"BE_1_1_15","BE",1,1,15,"Conference","Scenario 1",90
"BE_1_1_16","BE",1,1,16,"Conference","Scenario 1",60
"BE_1_1_17","BE",1,1,17,"Conference","Scenario 1",52
"BE_1_1_18","BE",1,1,18,"Conference","Scenario 1",44
"BE_1_1_19","BE",1,1,19,"Conference","Scenario 1",64
"BE_1_1_20","BE",1,1,20,"Conference","Scenario 1",0
"BE_1_1_21","BE",1,1,21,"Conference","Scenario 1",25
"BE_1_1_22","BE",1,1,22,"Conference","Scenario 1",63
"BE_1_1_23","BE",1,1,23,"Conference","Scenario 1",67
"BE_1_2_24","BE",1,2,24,"Doyenne","Scenario 1",48
"BE_1_2_25","BE",1,2,25,"Doyenne","Scenario 1",10
"BE_1_2_26","BE",1,2,26,"Doyenne","Scenario 1",22
"BE_1_2_27","BE",1,2,27,"Doyenne","Scenario 1",44
"BE_1_2_28","BE",1,2,28,"Doyenne","Scenario 1",84
"BE_1_2_29","BE",1,2,29,"Doyenne","Scenario 1",77
"BE_1_2_30","BE",1,2,30,"Doyenne","Scenario 1",23
"BE_1_2_31","BE",1,2,31,"Doyenne","Scenario 1",14
"BE_1_2_32","BE",1,2,32,"Doyenne","Scenario 1",56
"BE_1_2_33","BE",1,2,33,"Doyenne","Scenario 1",77
"BE_1_2_34","BE",1,2,34,"Doyenne","Scenario 1",20
"BE_1_2_35","BE",1,2,35,"Doyenne","Scenario 1",19
"BE_1_2_36","BE",1,2,36,"Doyenne","Scenario 1",0
"BE_1_2_37","BE",1,2,37,"Doyenne","Scenario 1",98
"BE_1_2_38","BE",1,2,38,"Doyenne","Scenario 1",35
"BE_1_2_39","BE",1,2,39,"Doyenne","Scenario 1",65
"BE_1_2_40","BE",1,2,40,"Doyenne","Scenario 1",6
"BE_1_2_41","BE",1,2,41,"Doyenne","Scenario 1",66
"BE_1_2_42","BE",1,2,42,"Doyenne","Scenario 1",70
"BE_1_3_43","BE",1,3,43,"Conference","Scenario 1",58
"BE_1_3_44","BE",1,3,44,"Conference","Scenario 1",38
"BE_1_3_45","BE",1,3,45,"Conference","Scenario 1",47
"BE_1_3_46","BE",1,3,46,"Conference","Scenario 1",81
"BE_1_3_47","BE",1,3,47,"Conference","Scenario 1",64
"BE_1_3_48","BE",1,3,48,"Conference","Scenario 1",61
"BE_1_3_49","BE",1,3,49,"Conference","Scenario 1",55
"BE_1_3_50","BE",1,3,50,"Conference","Scenario 1",61
"BE_1_3_51","BE",1,3,51,"Conference","Scenario 1",28
"BE_1_3_52","BE",1,3,52,"Conference","Scenario 1",63
"BE_1_3_53","BE",1,3,53,"Conference","Scenario 1",49
"BE_1_3_54","BE",1,3,54,"Conference","Scenario 1",94
"BE_1_3_55","BE",1,3,55,"Conference","Scenario 1",82
"BE_1_3_56","BE",1,3,56,"Conference","Scenario 1",29
"BE_1_3_57","BE",1,3,57,"Conference","Scenario 1",59
"BE_1_3_58","BE",1,3,58,"Conference","Scenario 1",30
"BE_1_3_59","BE",1,3,59,"Conference","Scenario 1",47
"BE_1_3_60","BE",1,3,60,"Conference","Scenario 1",88
"BE_1_3_61","BE",1,3,61,"Conference","Scenario 1",42
"BE_1_3_62","BE",1,3,62,"Conference","Scenario 1",57
"BE_1_3_63","BE",1,3,63,"Conference","Scenario 1",33
"BE_1_3_64","BE",1,3,64,"Conference","Scenario 1",62
"BE_1_3_65","BE",1,3,65,"Conference","Scenario 1",60
"BE_1_3_66","BE",1,3,66,"Conference","Scenario 1",69
"BE_1_3_67","BE",1,3,67,"Conference","Scenario 1",83
"BE_1_4_68","BE",1,4,68,"Doyenne","Scenario 1",24
"BE_1_4_69","BE",1,4,69,"Doyenne","Scenario 1",65
"BE_1_4_70","BE",1,4,70,"Doyenne","Scenario 1",14
"BE_1_4_71","BE",1,4,71,"Doyenne","Scenario 1",53
"BE_1_4_72","BE",1,4,72,"Doyenne","Scenario 1",99
"BE_1_4_73","BE",1,4,73,"Doyenne","Scenario 1",72
"BE_1_4_74","BE",1,4,74,"Doyenne","Scenario 1",47
"BE_1_4_75","BE",1,4,75,"Doyenne","Scenario 1",92
"BE_1_4_76","BE",1,4,76,"Doyenne","Scenario 1",46
"BE_1_4_77","BE",1,4,77,"Doyenne","Scenario 1",17
"BE_1_4_78","BE",1,4,78,"Doyenne","Scenario 1",57
"BE_1_4_79","BE",1,4,79,"Doyenne","Scenario 1",30
"BE_1_4_80","BE",1,4,80,"Doyenne","Scenario 1",82
"BE_1_4_81","BE",1,4,81,"Doyenne","Scenario 1",28
"BE_1_4_82","BE",1,4,82,"Doyenne","Scenario 1",50
"BE_1_4_83","BE",1,4,83,"Doyenne","Scenario 1",42
"BE_1_4_84","BE",1,4,84,"Doyenne","Scenario 1",69
"BE_1_4_85","BE",1,4,85,"Doyenne","Scenario 1",77
"BE_1_4_86","BE",1,4,86,"Doyenne","Scenario 1",43
"BE_1_4_87","BE",1,4,87,"Doyenne","Scenario 1",46
"BE_1_5_88","BE",1,5,88,"Conference","Scenario 1",36
"BE_1_5_89","BE",1,5,89,"Conference","Scenario 1",69
"BE_1_5_90","BE",1,5,90,"Conference","Scenario 1",78
"BE_1_5_91","BE",1,5,91,"Conference","Scenario 1",63
"BE_1_5_92","BE",1,5,92,"Conference","Scenario 1",52
"BE_1_5_93","BE",1,5,93,"Conference","Scenario 1",71
"BE_1_5_94","BE",1,5,94,"Conference","Scenario 1",61
"BE_1_5_95","BE",1,5,95,"Conference","Scenario 1",93
"BE_1_5_96","BE",1,5,96,"Conference","Scenario 1",22
"BE_1_5_97","BE",1,5,97,"Conference","Scenario 1",30
"BE_1_5_98","BE",1,5,98,"Conference","Scenario 1",70
"BE_1_5_99","BE",1,5,99,"Conference","Scenario 1",51
"BE_1_5_100","BE",1,5,100,"Conference","Scenario 1",61
"BE_1_5_101","BE",1,5,101,"Conference","Scenario 1",51
"BE_1_5_102","BE",1,5,102,"Conference","Scenario 1",50
"BE_1_5_103","BE",1,5,103,"Conference","Scenario 1",0
"BE_1_5_104","BE",1,5,104,"Conference","Scenario 1",72
"BE_1_5_105","BE",1,5,105,"Conference","Scenario 1",32
"BE_1_5_106","BE",1,5,106,"Conference","Scenario 1",5
"BE_1_5_107","BE",1,5,107,"Conference","Scenario 1",73
"BE_1_5_108","BE",1,5,108,"Conference","Scenario 1",47
"BE_1_6_109","BE",1,6,109,"Doyenne","Scenario 1",47
"BE_1_6_110","BE",1,6,110,"Doyenne","Scenario 1",42
"BE_1_6_111","BE",1,6,111,"Doyenne","Scenario 1",23
"BE_1_6_112","BE",1,6,112,"Doyenne","Scenario 1",90
"BE_1_6_113","BE",1,6,113,"Doyenne","Scenario 1",93
"BE_1_6_114","BE",1,6,114,"Doyenne","Scenario 1",19
"BE_1_6_115","BE",1,6,115,"Doyenne","Scenario 1",37
"BE_1_6_116","BE",1,6,116,"Doyenne","Scenario 1",53
"BE_1_6_117","BE",1,6,117,"Doyenne","Scenario 1",33
"BE_1_6_118","BE",1,6,118,"Doyenne","Scenario 1",18
"BE_1_6_119","BE",1,6,119,"Doyenne","Scenario 1",39
"BE_1_6_120","BE",1,6,120,"Doyenne","Scenario 1",43
"BE_1_6_121","BE",1,6,121,"Doyenne","Scenario 1",57
"BE_1_6_122","BE",1,6,122,"Doyenne","Scenario 1",58
"BE_2_7_123","BE",2,7,123,"Conference","Scenario 2",51
"BE_2_7_124","BE",2,7,124,"Conference","Scenario 2",96
"BE_2_7_125","BE",2,7,125,"Conference","Scenario 2",63
"BE_2_7_126","BE",2,7,126,"Conference","Scenario 2",62
"BE_2_7_127","BE",2,7,127,"Conference","Scenario 2",57
"BE_2_7_128","BE",2,7,128,"Conference","Scenario 2",88
"BE_2_7_129","BE",2,7,129,"Conference","Scenario 2",46
"BE_2_7_130","BE",2,7,130,"Conference","Scenario 2",39
"BE_2_7_131","BE",2,7,131,"Conference","Scenario 2",94
"BE_2_7_132","BE",2,7,132,"Conference","Scenario 2",65
"BE_2_7_133","BE",2,7,133,"Conference","Scenario 2",68
"BE_2_7_134","BE",2,7,134,"Conference","Scenario 2",100
"BE_2_7_135","BE",2,7,135,"Conference","Scenario 2",54
"BE_2_7_136","BE",2,7,136,"Conference","Scenario 2",100
"BE_2_7_137","BE",2,7,137,"Conference","Scenario 2",46
"BE_2_7_138","BE",2,7,138,"Conference","Scenario 2",75
"BE_2_7_139","BE",2,7,139,"Conference","Scenario 2",67
"BE_2_7_140","BE",2,7,140,"Conference","Scenario 2",69
"BE_2_7_141","BE",2,7,141,"Conference","Scenario 2",57
"BE_2_7_142","BE",2,7,142,"Conference","Scenario 2",32
"BE_2_7_143","BE",2,7,143,"Conference","Scenario 2",61
"BE_2_7_144","BE",2,7,144,"Conference","Scenario 2",50
"BE_2_7_145","BE",2,7,145,"Conference","Scenario 2",70
"BE_2_7_146","BE",2,7,146,"Conference","Scenario 2",53
"BE_2_7_147","BE",2,7,147,"Conference","Scenario 2",100
"BE_2_7_148","BE",2,7,148,"Conference","Scenario 2",38
"BE_2_7_149","BE",2,7,149,"Conference","Scenario 2",67
"BE_2_7_150","BE",2,7,150,"Conference","Scenario 2",88
"BE_2_7_151","BE",2,7,151,"Conference","Scenario 2",37
"BE_2_7_152","BE",2,7,152,"Conference","Scenario 2",84
"BE_2_7_153","BE",2,7,153,"Conference","Scenario 2",70
"BE_2_7_154","BE",2,7,154,"Conference","Scenario 2",34
"BE_2_7_155","BE",2,7,155,"Conference","Scenario 2",82
"BE_2_7_156","BE",2,7,156,"Conference","Scenario 2",69
"BE_2_7_157","BE",2,7,157,"Conference","Scenario 2",52
"BE_2_7_158","BE",2,7,158,"Conference","Scenario 2",83
"BE_2_7_159","BE",2,7,159,"Conference","Scenario 2",73
"BE_2_7_160","BE",2,7,160,"Conference","Scenario 2",63
"BE_2_7_161","BE",2,7,161,"Conference","Scenario 2",55
"BE_2_7_162","BE",2,7,162,"Conference","Scenario 2",66
"BE_2_7_163","BE",2,7,163,"Conference","Scenario 2",34
"BE_2_7_164","BE",2,7,164,"Conference","Scenario 2",80
"BE_2_7_165","BE",2,7,165,"Conference","Scenario 2",52
"BE_2_7_166","BE",2,7,166,"Conference","Scenario 2",97
"BE_2_7_167","BE",2,7,167,"Conference","Scenario 2",32
"BE_2_8_168","BE",2,8,168,"Doyenne","Scenario 2",25
"BE_2_8_169","BE",2,8,169,"Doyenne","Scenario 2",74
"BE_2_8_170","BE",2,8,170,"Doyenne","Scenario 2",53
"BE_2_8_171","BE",2,8,171,"Doyenne","Scenario 2",63
"BE_2_8_172","BE",2,8,172,"Doyenne","Scenario 2",55
"BE_2_8_173","BE",2,8,173,"Doyenne","Scenario 2",75
"BE_2_8_174","BE",2,8,174,"Doyenne","Scenario 2",57
"BE_2_8_175","BE",2,8,175,"Doyenne","Scenario 2",89
"BE_2_8_176","BE",2,8,176,"Doyenne","Scenario 2",46
"BE_2_8_177","BE",2,8,177,"Doyenne","Scenario 2",13
"BE_2_8_178","BE",2,8,178,"Doyenne","Scenario 2",72
"BE_2_8_179","BE",2,8,179,"Doyenne","Scenario 2",58
"BE_2_8_180","BE",2,8,180,"Doyenne","Scenario 2",90
"BE_2_8_181","BE",2,8,181,"Doyenne","Scenario 2",100
"BE_2_8_182","BE",2,8,182,"Doyenne","Scenario 2",54
"BE_2_8_183","BE",2,8,183,"Doyenne","Scenario 2",50
"BE_2_8_184","BE",2,8,184,"Doyenne","Scenario 2",56
"BE_2_8_185","BE",2,8,185,"Doyenne","Scenario 2",44
"BE_2_8_186","BE",2,8,186,"Doyenne","Scenario 2",51
"BE_2_8_187","BE",2,8,187,"Doyenne","Scenario 2",89
"BE_2_8_188","BE",2,8,188,"Doyenne","Scenario 2",29
"BE_2_8_189","BE",2,8,189,"Doyenne","Scenario 2",48
"BE_2_8_190","BE",2,8,190,"Doyenne","Scenario 2",81
"BE_2_8_191","BE",2,8,191,"Doyenne","Scenario 2",73
"BE_2_9_192","BE",2,9,192,"Conference","Scenario 2",49
"BE_2_9_193","BE",2,9,193,"Conference","Scenario 2",42
"BE_2_9_194","BE",2,9,194,"Conference","Scenario 2",31
"BE_2_9_195","BE",2,9,195,"Conference","Scenario 2",57
"BE_2_9_196","BE",2,9,196,"Conference","Scenario 2",70
"BE_2_9_197","BE",2,9,197,"Conference","Scenario 2",71
"BE_2_9_198","BE",2,9,198,"Conference","Scenario 2",35
"BE_2_9_199","BE",2,9,199,"Conference","Scenario 2",60
"BE_2_9_200","BE",2,9,200,"Conference","Scenario 2",15
"BE_2_9_201","BE",2,9,201,"Conference","Scenario 2",82
"BE_2_9_202","BE",2,9,202,"Conference","Scenario 2",99
"BE_2_9_203","BE",2,9,203,"Conference","Scenario 2",74
"BE_2_9_204","BE",2,9,204,"Conference","Scenario 2",95
"BE_2_9_205","BE",2,9,205,"Conference","Scenario 2",47
"BE_2_9_206","BE",2,9,206,"Conference","Scenario 2",89
"BE_2_9_207","BE",2,9,207,"Conference","Scenario 2",46
"BE_2_9_208","BE",2,9,208,"Conference","Scenario 2",100
"BE_2_9_209","BE",2,9,209,"Conference","Scenario 2",93
"BE_2_9_210","BE",2,9,210,"Conference","Scenario 2",97
"BE_2_9_211","BE",2,9,211,"Conference","Scenario 2",57
"BE_2_9_212","BE",2,9,212,"Conference","Scenario 2",85
"BE_2_9_213","BE",2,9,213,"Conference","Scenario 2",37
"BE_2_9_214","BE",2,9,214,"Conference","Scenario 2",79
"BE_2_9_215","BE",2,9,215,"Conference","Scenario 2",13
"BE_2_9_216","BE",2,9,216,"Conference","Scenario 2",93
"BE_2_9_217","BE",2,9,217,"Conference","Scenario 2",95
"BE_2_9_218","BE",2,9,218,"Conference","Scenario 2",84
"BE_2_9_219","BE",2,9,219,"Conference","Scenario 2",76
"BE_2_9_220","BE",2,9,220,"Conference","Scenario 2",72
"BE_2_9_221","BE",2,9,221,"Conference","Scenario 2",61
"BE_2_9_222","BE",2,9,222,"Conference","Scenario 2",65
"BE_2_9_223","BE",2,9,223,"Conference","Scenario 2",57
"BE_2_9_224","BE",2,9,224,"Conference","Scenario 2",69
"BE_2_9_225","BE",2,9,225,"Conference","Scenario 2",40
"BE_2_9_226","BE",2,9,226,"Conference","Scenario 2",73
"BE_2_9_227","BE",2,9,227,"Conference","Scenario 2",24
"BE_2_9_228","BE",2,9,228,"Conference","Scenario 2",73
"BE_2_9_229","BE",2,9,229,"Conference","Scenario 2",50
"BE_2_9_230","BE",2,9,230,"Conference","Scenario 2",31
"BE_2_9_231","BE",2,9,231,"Conference","Scenario 2",46
"BE_2_9_232","BE",2,9,232,"Conference","Scenario 2",77
"BE_2_10_233","BE",2,10,233,"Doyenne","Scenario 2",65
"BE_2_10_234","BE",2,10,234,"Doyenne","Scenario 2",12
"BE_2_10_235","BE",2,10,235,"Doyenne","Scenario 2",67
"BE_2_10_236","BE",2,10,236,"Doyenne","Scenario 2",92
"BE_2_10_237","BE",2,10,237,"Doyenne","Scenario 2",36
"BE_2_10_238","BE",2,10,238,"Doyenne","Scenario 2",49
"BE_2_10_239","BE",2,10,239,"Doyenne","Scenario 2",18
"BE_2_10_240","BE",2,10,240,"Doyenne","Scenario 2",1
"BE_2_10_241","BE",2,10,241,"Doyenne","Scenario 2",61
"BE_2_10_242","BE",2,10,242,"Doyenne","Scenario 2",43
"BE_2_10_243","BE",2,10,243,"Doyenne","Scenario 2",88
"BE_2_10_244","BE",2,10,244,"Doyenne","Scenario 2",71
"BE_2_10_245","BE",2,10,245,"Doyenne","Scenario 2",58
"BE_2_10_246","BE",2,10,246,"Doyenne","Scenario 2",52
"BE_2_10_247","BE",2,10,247,"Doyenne","Scenario 2",88
"BE_2_10_248","BE",2,10,248,"Doyenne","Scenario 2",55
"BE_2_10_249","BE",2,10,249,"Doyenne","Scenario 2",56
"BE_2_10_250","BE",2,10,250,"Doyenne","Scenario 2",22
"BE_2_10_251","BE",2,10,251,"Doyenne","Scenario 2",84
"BE_2_10_252","BE",2,10,252,"Doyenne","Scenario 2",97
"BE_2_10_253","BE",2,10,253,"Doyenne","Scenario 2",96
"BE_2_10_254","BE",2,10,254,"Doyenne","Scenario 2",47
"BE_2_10_255","BE",2,10,255,"Doyenne","Scenario 2",100
"BE_2_10_256","BE",2,10,256,"Doyenne","Scenario 2",66
"BE_2_10_257","BE",2,10,257,"Doyenne","Scenario 2",17
"BE_2_10_258","BE",2,10,258,"Doyenne","Scenario 2",64
"BE_2_10_259","BE",2,10,259,"Doyenne","Scenario 2",49
"BE_2_10_260","BE",2,10,260,"Doyenne","Scenario 2",49
"BE_2_10_261","BE",2,10,261,"Doyenne","Scenario 2",63
"BE_2_10_262","BE",2,10,262,"Doyenne","Scenario 2",80
"BE_2_10_263","BE",2,10,263,"Doyenne","Scenario 2",77
"BE_2_10_264","BE",2,10,264,"Doyenne","Scenario 2",91
"BE_2_10_265","BE",2,10,265,"Doyenne","Scenario 2",26
"BE_2_10_266","BE",2,10,266,"Doyenne","Scenario 2",51
"BE_2_10_267","BE",2,10,267,"Doyenne","Scenario 2",55
"BE_2_11_268","BE",2,11,268,"Conference","Scenario 2",68
"BE_2_11_269","BE",2,11,269,"Conference","Scenario 2",23
"BE_2_11_270","BE",2,11,270,"Conference","Scenario 2",100
"BE_2_11_271","BE",2,11,271,"Conference","Scenario 2",33
"BE_2_11_272","BE",2,11,272,"Conference","Scenario 2",47
"BE_2_11_273","BE",2,11,273,"Conference","Scenario 2",94
"BE_2_11_274","BE",2,11,274,"Conference","Scenario 2",36
"BE_2_11_275","BE",2,11,275,"Conference","Scenario 2",76
"BE_2_11_276","BE",2,11,276,"Conference","Scenario 2",58
"BE_2_11_277","BE",2,11,277,"Conference","Scenario 2",40
"BE_2_11_278","BE",2,11,278,"Conference","Scenario 2",66
"BE_2_11_279","BE",2,11,279,"Conference","Scenario 2",38
"BE_2_11_280","BE",2,11,280,"Conference","Scenario 2",36
"BE_2_11_281","BE",2,11,281,"Conference","Scenario 2",39
"BE_2_11_282","BE",2,11,282,"Conference","Scenario 2",71
"BE_2_11_283","BE",2,11,283,"Conference","Scenario 2",99
"BE_2_11_284","BE",2,11,284,"Conference","Scenario 2",83
"BE_2_11_285","BE",2,11,285,"Conference","Scenario 2",62
"BE_2_11_286","BE",2,11,286,"Conference","Scenario 2",42
"BE_2_11_287","BE",2,11,287,"Conference","Scenario 2",74
"BE_2_11_288","BE",2,11,288,"Conference","Scenario 2",42
"BE_2_11_289","BE",2,11,289,"Conference","Scenario 2",21
"BE_2_11_290","BE",2,11,290,"Conference","Scenario 2",98
"BE_2_11_291","BE",2,11,291,"Conference","Scenario 2",100
"BE_2_11_292","BE",2,11,292,"Conference","Scenario 2",43
"BE_2_11_293","BE",2,11,293,"Conference","Scenario 2",84
"BE_2_11_294","BE",2,11,294,"Conference","Scenario 2",44
"BE_2_11_295","BE",2,11,295,"Conference","Scenario 2",85
"BE_2_11_296","BE",2,11,296,"Conference","Scenario 2",56
"BE_2_11_297","BE",2,11,297,"Conference","Scenario 2",38
"BE_2_11_298","BE",2,11,298,"Conference","Scenario 2",64
"BE_2_11_299","BE",2,11,299,"Conference","Scenario 2",50
"BE_2_11_300","BE",2,11,300,"Conference","Scenario 2",89
"BE_2_11_301","BE",2,11,301,"Conference","Scenario 2",66
"BE_2_11_302","BE",2,11,302,"Conference","Scenario 2",70
"BE_2_11_303","BE",2,11,303,"Conference","Scenario 2",77
"BE_2_11_304","BE",2,11,304,"Conference","Scenario 2",60
"BE_2_12_305","BE",2,12,305,"Doyenne","Scenario 2",61
"BE_2_12_306","BE",2,12,306,"Doyenne","Scenario 2",49
"BE_2_12_307","BE",2,12,307,"Doyenne","Scenario 2",95
"BE_2_12_308","BE",2,12,308,"Doyenne","Scenario 2",59
"BE_2_12_309","BE",2,12,309,"Doyenne","Scenario 2",35
"BE_2_12_310","BE",2,12,310,"Doyenne","Scenario 2",51
"BE_2_12_311","BE",2,12,311,"Doyenne","Scenario 2",53
"BE_2_12_312","BE",2,12,312,"Doyenne","Scenario 2",49
"BE_2_12_313","BE",2,12,313,"Doyenne","Scenario 2",60
"BE_2_12_314","BE",2,12,314,"Doyenne","Scenario 2",52
"BE_2_12_315","BE",2,12,315,"Doyenne","Scenario 2",79
"BE_2_12_316","BE",2,12,316,"Doyenne","Scenario 2",0
"BE_2_12_317","BE",2,12,317,"Doyenne","Scenario 2",100
"BE_2_12_318","BE",2,12,318,"Doyenne","Scenario 2",64
"BE_2_12_319","BE",2,12,319,"Doyenne","Scenario 2",81
"BE_2_12_320","BE",2,12,320,"Doyenne","Scenario 2",54
"BE_2_12_321","BE",2,12,321,"Doyenne","Scenario 2",49
"BE_2_12_322","BE",2,12,322,"Doyenne","Scenario 2",63
"BE_2_12_323","BE",2,12,323,"Doyenne","Scenario 2",81
"BE_2_12_324","BE",2,12,324,"Doyenne","Scenario 2",28
"BE_2_12_325","BE",2,12,325,"Doyenne","Scenario 2",42
"BE_2_12_326","BE",2,12,326,"Doyenne","Scenario 2",100
"BE_2_12_327","BE",2,12,327,"Doyenne","Scenario 2",64
"BE_3_13_328","BE",3,13,328,"Conference","Scenario 3",38
"BE_3_13_329","BE",3,13,329,"Conference","Scenario 3",83
"BE_3_13_330","BE",3,13,330,"Conference","Scenario 3",39
"BE_3_13_331","BE",3,13,331,"Conference","Scenario 3",64
"BE_3_13_332","BE",3,13,332,"Conference","Scenario 3",42
"BE_3_13_333","BE",3,13,333,"Conference","Scenario 3",95
"BE_3_13_334","BE",3,13,334,"Conference","Scenario 3",65
"BE_3_13_335","BE",3,13,335,"Conference","Scenario 3",49
"BE_3_13_336","BE",3,13,336,"Conference","Scenario 3",76
"BE_3_13_337","BE",3,13,337,"Conference","Scenario 3",100
"BE_3_13_338","BE",3,13,338,"Conference","Scenario 3",69
"BE_3_13_339","BE",3,13,339,"Conference","Scenario 3",83
"BE_3_13_340","BE",3,13,340,"Conference","Scenario 3",57
"BE_3_13_341","BE",3,13,341,"Conference","Scenario 3",22
"BE_3_13_342","BE",3,13,342,"Conference","Scenario 3",52
"BE_3_13_343","BE",3,13,343,"Conference","Scenario 3",81
"BE_3_13_344","BE",3,13,344,"Conference","Scenario 3",72
"BE_3_13_345","BE",3,13,345,"Conference","Scenario 3",54
"BE_3_13_346","BE",3,13,346,"Conference","Scenario 3",58
"BE_3_13_347","BE",3,13,347,"Conference","Scenario 3",93
"BE_3_13_348","BE",3,13,348,"Conference","Scenario 3",41
"BE_3_13_349","BE",3,13,349,"Conference","Scenario 3",50
"BE_3_13_350","BE",3,13,350,"Conference","Scenario 3",77
"BE_3_13_351","BE",3,13,351,"Conference","Scenario 3",69
"BE_3_13_352","BE",3,13,352,"Conference","Scenario 3",59
"BE_3_13_353","BE",3,13,353,"Conference","Scenario 3",68
"BE_3_13_354","BE",3,13,354,"Conference","Scenario 3",72
"BE_3_13_355","BE",3,13,355,"Conference","Scenario 3",74
"BE_3_14_356","BE",3,14,356,"Doyenne","Scenario 3",83
"BE_3_14_357","BE",3,14,357,"Doyenne","Scenario 3",64
"BE_3_14_358","BE",3,14,358,"Doyenne","Scenario 3",48
"BE_3_14_359","BE",3,14,359,"Doyenne","Scenario 3",36
"BE_3_14_360","BE",3,14,360,"Doyenne","Scenario 3",45
"BE_3_14_361","BE",3,14,361,"Doyenne","Scenario 3",60
"BE_3_14_362","BE",3,14,362,"Doyenne","Scenario 3",72
"BE_3_14_363","BE",3,14,363,"Doyenne","Scenario 3",35
"BE_3_14_364","BE",3,14,364,"Doyenne","Scenario 3",52
"BE_3_14_365","BE",3,14,365,"Doyenne","Scenario 3",18
"BE_3_14_366","BE",3,14,366,"Doyenne","Scenario 3",84
"BE_3_14_367","BE",3,14,367,"Doyenne","Scenario 3",100
"BE_3_14_368","BE",3,14,368,"Doyenne","Scenario 3",53
"BE_3_14_369","BE",3,14,369,"Doyenne","Scenario 3",88
"BE_3_14_370","BE",3,14,370,"Doyenne","Scenario 3",44
"BE_3_14_371","BE",3,14,371,"Doyenne","Scenario 3",22
"BE_3_14_372","BE",3,14,372,"Doyenne","Scenario 3",90
"BE_3_14_373","BE",3,14,373,"Doyenne","Scenario 3",58
"BE_3_14_374","BE",3,14,374,"Doyenne","Scenario 3",67
"BE_3_14_375","BE",3,14,375,"Doyenne","Scenario 3",17
"BE_3_14_376","BE",3,14,376,"Doyenne","Scenario 3",67
"BE_3_14_377","BE",3,14,377,"Doyenne","Scenario 3",15
"BE_3_14_378","BE",3,14,378,"Doyenne","Scenario 3",59
"BE_3_14_379","BE",3,14,379,"Doyenne","Scenario 3",68
"BE_3_15_380","BE",3,15,380,"Conference","Scenario 3",46
"BE_3_15_381","BE",3,15,381,"Conference","Scenario 3",57
"BE_3_15_382","BE",3,15,382,"Conference","Scenario 3",34
"BE_3_15_383","BE",3,15,383,"Conference","Scenario 3",78
"BE_3_15_384","BE",3,15,384,"Conference","Scenario 3",54
"BE_3_15_385","BE",3,15,385,"Conference","Scenario 3",25
"BE_3_15_386","BE",3,15,386,"Conference","Scenario 3",77
"BE_3_15_387","BE",3,15,387,"Conference","Scenario 3",56
"BE_3_15_388","BE",3,15,388,"Conference","Scenario 3",62
"BE_3_15_389","BE",3,15,389,"Conference","Scenario 3",34
"BE_3_15_390","BE",3,15,390,"Conference","Scenario 3",64
"BE_3_15_391","BE",3,15,391,"Conference","Scenario 3",33
"BE_3_15_392","BE",3,15,392,"Conference","Scenario 3",79
"BE_3_15_393","BE",3,15,393,"Conference","Scenario 3",45
"BE_3_15_394","BE",3,15,394,"Conference","Scenario 3",48
"BE_3_15_395","BE",3,15,395,"Conference","Scenario 3",44
"BE_3_15_396","BE",3,15,396,"Conference","Scenario 3",60
"BE_3_15_397","BE",3,15,397,"Conference","Scenario 3",88
"BE_3_15_398","BE",3,15,398,"Conference","Scenario 3",77
"BE_3_15_399","BE",3,15,399,"Conference","Scenario 3",68
"BE_3_15_400","BE",3,15,400,"Conference","Scenario 3",60
"BE_3_15_401","BE",3,15,401,"Conference","Scenario 3",91
"BE_3_15_402","BE",3,15,402,"Conference","Scenario 3",46
"BE_3_15_403","BE",3,15,403,"Conference","Scenario 3",67
"BE_3_15_404","BE",3,15,404,"Conference","Scenario 3",30
"BE_3_15_405","BE",3,15,405,"Conference","Scenario 3",58
"BE_3_15_406","BE",3,15,406,"Conference","Scenario 3",49
"BE_3_15_407","BE",3,15,407,"Conference","Scenario 3",100
"BE_3_15_408","BE",3,15,408,"Conference","Scenario 3",61
"BE_3_15_409","BE",3,15,409,"Conference","Scenario 3",47
"BE_3_15_410","BE",3,15,410,"Conference","Scenario 3",78
"BE_3_15_411","BE",3,15,411,"Conference","Scenario 3",72
"BE_3_16_412","BE",3,16,412,"Doyenne","Scenario 3",57
"BE_3_16_413","BE",3,16,413,"Doyenne","Scenario 3",47
"BE_3_16_414","BE",3,16,414,"Doyenne","Scenario 3",53
"BE_3_16_415","BE",3,16,415,"Doyenne","Scenario 3",27
"BE_3_16_416","BE",3,16,416,"Doyenne","Scenario 3",66
"BE_3_16_417","BE",3,16,417,"Doyenne","Scenario 3",38
"BE_3_16_418","BE",3,16,418,"Doyenne","Scenario 3",71
"BE_3_16_419","BE",3,16,419,"Doyenne","Scenario 3",100
"BE_3_16_420","BE",3,16,420,"Doyenne","Scenario 3",100
"BE_3_16_421","BE",3,16,421,"Doyenne","Scenario 3",86
"BE_3_16_422","BE",3,16,422,"Doyenne","Scenario 3",56
"BE_3_16_423","BE",3,16,423,"Doyenne","Scenario 3",78
"BE_3_16_424","BE",3,16,424,"Doyenne","Scenario 3",54
"BE_3_16_425","BE",3,16,425,"Doyenne","Scenario 3",37
"BE_3_16_426","BE",3,16,426,"Doyenne","Scenario 3",71
"BE_3_16_427","BE",3,16,427,"Doyenne","Scenario 3",44
"BE_3_16_428","BE",3,16,428,"Doyenne","Scenario 3",76
"BE_3_16_429","BE",3,16,429,"Doyenne","Scenario 3",65
"BE_3_16_430","BE",3,16,430,"Doyenne","Scenario 3",46
"BE_3_16_431","BE",3,16,431,"Doyenne","Scenario 3",55
"BE_3_16_432","BE",3,16,432,"Doyenne","Scenario 3",49
"BE_3_16_433","BE",3,16,433,"Doyenne","Scenario 3",59
"BE_3_16_434","BE",3,16,434,"Doyenne","Scenario 3",94
"BE_3_16_435","BE",3,16,435,"Doyenne","Scenario 3",75
"BE_3_16_436","BE",3,16,436,"Doyenne","Scenario 3",46
"BE_3_17_437","BE",3,17,437,"Conference","Scenario 3",96
"BE_3_17_438","BE",3,17,438,"Conference","Scenario 3",47
"BE_3_17_439","BE",3,17,439,"Conference","Scenario 3",50
"BE_3_17_440","BE",3,17,440,"Conference","Scenario 3",20
"BE_3_17_441","BE",3,17,441,"Conference","Scenario 3",40
"BE_3_17_442","BE",3,17,442,"Conference","Scenario 3",23
"BE_3_17_443","BE",3,17,443,"Conference","Scenario 3",28
"BE_3_17_444","BE",3,17,444,"Conference","Scenario 3",80
"BE_3_17_445","BE",3,17,445,"Conference","Scenario 3",46
"BE_3_17_446","BE",3,17,446,"Conference","Scenario 3",74
"BE_3_17_447","BE",3,17,447,"Conference","Scenario 3",91
"BE_3_17_448","BE",3,17,448,"Conference","Scenario 3",60
"BE_3_17_449","BE",3,17,449,"Conference","Scenario 3",20
"BE_3_17_450","BE",3,17,450,"Conference","Scenario 3",80
"BE_3_17_451","BE",3,17,451,"Conference","Scenario 3",61
"BE_3_17_452","BE",3,17,452,"Conference","Scenario 3",52
"BE_3_17_453","BE",3,17,453,"Conference","Scenario 3",69
"BE_3_17_454","BE",3,17,454,"Conference","Scenario 3",30
"BE_3_17_455","BE",3,17,455,"Conference","Scenario 3",48
"BE_3_17_456","BE",3,17,456,"Conference","Scenario 3",46
"BE_3_17_457","BE",3,17,457,"Conference","Scenario 3",93
"BE_3_17_458","BE",3,17,458,"Conference","Scenario 3",100
"BE_3_17_459","BE",3,17,459,"Conference","Scenario 3",88
"BE_3_17_460","BE",3,17,460,"Conference","Scenario 3",26
"BE_3_17_461","BE",3,17,461,"Conference","Scenario 3",71
"BE_3_18_462","BE",3,18,462,"Doyenne","Scenario 3",25
"BE_3_18_463","BE",3,18,463,"Doyenne","Scenario 3",73
"BE_3_18_464","BE",3,18,464,"Doyenne","Scenario 3",49
"BE_3_18_465","BE",3,18,465,"Doyenne","Scenario 3",43
"BE_3_18_466","BE",3,18,466,"Doyenne","Scenario 3",100
"BE_3_18_467","BE",3,18,467,"Doyenne","Scenario 3",61
"BE_3_18_468","BE",3,18,468,"Doyenne","Scenario 3",89
"BE_3_18_469","BE",3,18,469,"Doyenne","Scenario 3",71
"BE_3_18_470","BE",3,18,470,"Doyenne","Scenario 3",100
"BE_3_18_471","BE",3,18,471,"Doyenne","Scenario 3",68
"BE_3_18_472","BE",3,18,472,"Doyenne","Scenario 3",100
"BE_3_18_473","BE",3,18,473,"Doyenne","Scenario 3",53
"BE_3_18_474","BE",3,18,474,"Doyenne","Scenario 3",59
"BE_3_18_475","BE",3,18,475,"Doyenne","Scenario 3",2
"BE_3_18_476","BE",3,18,476,"Doyenne","Scenario 3",67
"BE_3_18_477","BE",3,18,477,"Doyenne","Scenario 3",71
"BE_3_18_478","BE",3,18,478,"Doyenne","Scenario 3",45
"BE_3_18_479","BE",3,18,479,"Doyenne","Scenario 3",54
"BE_4_19_480","BE",4,19,480,"Conference","Scenario 4",69
"BE_4_19_481","BE",4,19,481,"Conference","Scenario 4",2
"BE_4_19_482","BE",4,19,482,"Conference","Scenario 4",56
"BE_4_19_483","BE",4,19,483,"Conference","Scenario 4",61
"BE_4_19_484","BE",4,19,484,"Conference","Scenario 4",76
"BE_4_19_485","BE",4,19,485,"Conference","Scenario 4",62
"BE_4_19_486","BE",4,19,486,"Conference","Scenario 4",40
"BE_4_19_487","BE",4,19,487,"Conference","Scenario 4",65
"BE_4_19_488","BE",4,19,488,"Conference","Scenario 4",32
"BE_4_19_489","BE",4,19,489,"Conference","Scenario 4",100
"BE_4_19_490","BE",4,19,490,"Conference","Scenario 4",89
"BE_4_19_491","BE",4,19,491,"Conference","Scenario 4",50
"BE_4_19_492","BE",4,19,492,"Conference","Scenario 4",38
"BE_4_19_493","BE",4,19,493,"Conference","Scenario 4",80
"BE_4_19_494","BE",4,19,494,"Conference","Scenario 4",72
"BE_4_19_495","BE",4,19,495,"Conference","Scenario 4",45
"BE_4_19_496","BE",4,19,496,"Conference","Scenario 4",84
"BE_4_19_497","BE",4,19,497,"Conference","Scenario 4",14
"BE_4_19_498","BE",4,19,498,"Conference","Scenario 4",46
"BE_4_20_499","BE",4,20,499,"Doyenne","Scenario 4",17
"BE_4_20_500","BE",4,20,500,"Doyenne","Scenario 4",7
"BE_4_20_501","BE",4,20,501,"Doyenne","Scenario 4",63
"BE_4_20_502","BE",4,20,502,"Doyenne","Scenario 4",31
"BE_4_20_503","BE",4,20,503,"Doyenne","Scenario 4",64
"BE_4_20_504","BE",4,20,504,"Doyenne","Scenario 4",81
"BE_4_20_505","BE",4,20,505,"Doyenne","Scenario 4",11
"BE_4_20_506","BE",4,20,506,"Doyenne","Scenario 4",29
"BE_4_20_507","BE",4,20,507,"Doyenne","Scenario 4",13
"BE_4_20_508","BE",4,20,508,"Doyenne","Scenario 4",52
"BE_4_20_509","BE",4,20,509,"Doyenne","Scenario 4",89
"BE_4_21_510","BE",4,21,510,"Conference","Scenario 4",67
"BE_4_21_511","BE",4,21,511,"Conference","Scenario 4",66
"BE_4_21_512","BE",4,21,512,"Conference","Scenario 4",46
"BE_4_21_513","BE",4,21,513,"Conference","Scenario 4",53
"BE_4_21_514","BE",4,21,514,"Conference","Scenario 4",66
"BE_4_21_515","BE",4,21,515,"Conference","Scenario 4",63
"BE_4_21_516","BE",4,21,516,"Conference","Scenario 4",69
"BE_4_21_517","BE",4,21,517,"Conference","Scenario 4",54
"BE_4_21_518","BE",4,21,518,"Conference","Scenario 4",59
"BE_4_21_519","BE",4,21,519,"Conference","Scenario 4",100
"BE_4_21_520","BE",4,21,520,"Conference","Scenario 4",82
"BE_4_21_521","BE",4,21,521,"Conference","Scenario 4",41
"BE_4_21_522","BE",4,21,522,"Conference","Scenario 4",56
"BE_4_21_523","BE",4,21,523,"Conference","Scenario 4",99
"BE_4_21_524","BE",4,21,524,"Conference","Scenario 4",56
"BE_4_21_525","BE",4,21,525,"Conference","Scenario 4",45
"BE_4_21_526","BE",4,21,526,"Conference","Scenario 4",100
"BE_4_21_527","BE",4,21,527,"Conference","Scenario 4",26
"BE_4_21_528","BE",4,21,528,"Conference","Scenario 4",12
"BE_4_21_529","BE",4,21,529,"Conference","Scenario 4",66
"BE_4_21_530","BE",4,21,530,"Conference","Scenario 4",35
"BE_4_21_531","BE",4,21,531,"Conference","Scenario 4",54
"BE_4_21_532","BE",4,21,532,"Conference","Scenario 4",58
"BE_4_21_533","BE",4,21,533,"Conference","Scenario 4",66
"BE_4_21_534","BE",4,21,534,"Conference","Scenario 4",60
"BE_4_21_535","BE",4,21,535,"Conference","Scenario 4",84
"BE_4_22_536","BE",4,22,536,"Doyenne","Scenario 4",44
"BE_4_22_537","BE",4,22,537,"Doyenne","Scenario 4",5
"BE_4_22_538","BE",4,22,538,"Doyenne","Scenario 4",25
"BE_4_22_539","BE",4,22,539,"Doyenne","Scenario 4",62
"BE_4_22_540","BE",4,22,540,"Doyenne","Scenario 4",10
"BE_4_22_541","BE",4,22,541,"Doyenne","Scenario 4",59
"BE_4_22_542","BE",4,22,542,"Doyenne","Scenario 4",10
"BE_4_22_543","BE",4,22,543,"Doyenne","Scenario 4",60
"BE_4_22_544","BE",4,22,544,"Doyenne","Scenario 4",43
"BE_4_22_545","BE",4,22,545,"Doyenne","Scenario 4",0
"BE_4_22_546","BE",4,22,546,"Doyenne","Scenario 4",37
"BE_4_22_547","BE",4,22,547,"Doyenne","Scenario 4",66
"BE_4_22_548","BE",4,22,548,"Doyenne","Scenario 4",62
"BE_4_22_549","BE",4,22,549,"Doyenne","Scenario 4",7
"BE_4_22_550","BE",4,22,550,"Doyenne","Scenario 4",72
"BE_4_22_551","BE",4,22,551,"Doyenne","Scenario 4",31
"BE_4_22_552","BE",4,22,552,"Doyenne","Scenario 4",58
"BE_4_22_553","BE",4,22,553,"Doyenne","Scenario 4",49
"BE_4_22_554","BE",4,22,554,"Doyenne","Scenario 4",100
"BE_4_22_555","BE",4,22,555,"Doyenne","Scenario 4",61
"BE_4_22_556","BE",4,22,556,"Doyenne","Scenario 4",45
"BE_4_22_557","BE",4,22,557,"Doyenne","Scenario 4",68
"BE_4_23_558","BE",4,23,558,"Conference","Scenario 4",57
"BE_4_23_559","BE",4,23,559,"Conference","Scenario 4",36
"BE_4_23_560","BE",4,23,560,"Conference","Scenario 4",29
"BE_4_23_561","BE",4,23,561,"Conference","Scenario 4",31
"BE_4_23_562","BE",4,23,562,"Conference","Scenario 4",54
"BE_4_23_563","BE",4,23,563,"Conference","Scenario 4",55
"BE_4_23_564","BE",4,23,564,"Conference","Scenario 4",59
"BE_4_23_565","BE",4,23,565,"Conference","Scenario 4",81
"BE_4_23_566","BE",4,23,566,"Conference","Scenario 4",88
"BE_4_23_567","BE",4,23,567,"Conference","Scenario 4",51
"BE_4_23_568","BE",4,23,568,"Conference","Scenario 4",15
"BE_4_23_569","BE",4,23,569,"Conference","Scenario 4",84
"BE_4_23_570","BE",4,23,570,"Conference","Scenario 4",80
"BE_4_23_571","BE",4,23,571,"Conference","Scenario 4",72
"BE_4_23_572","BE",4,23,572,"Conference","Scenario 4",83
"BE_4_23_573","BE",4,23,573,"Conference","Scenario 4",31
"BE_4_23_574","BE",4,23,574,"Conference","Scenario 4",61
"BE_4_23_575","BE",4,23,575,"Conference","Scenario 4",87
"BE_4_23_576","BE",4,23,576,"Conference","Scenario 4",56
"BE_4_23_577","BE",4,23,577,"Conference","Scenario 4",89
"BE_4_23_578","BE",4,23,578,"Conference","Scenario 4",84
"BE_4_23_579","BE",4,23,579,"Conference","Scenario 4",61
"BE_4_23_580","BE",4,23,580,"Conference","Scenario 4",56
"BE_4_23_581","BE",4,23,581,"Conference","Scenario 4",36
"BE_4_23_582","BE",4,23,582,"Conference","Scenario 4",10
"BE_4_24_583","BE",4,24,583,"Doyenne","Scenario 4",24
"BE_4_24_584","BE",4,24,584,"Doyenne","Scenario 4",51
"BE_4_24_585","BE",4,24,585,"Doyenne","Scenario 4",40
"BE_4_24_586","BE",4,24,586,"Doyenne","Scenario 4",70
"BE_4_24_587","BE",4,24,587,"Doyenne","Scenario 4",29
"BE_4_24_588","BE",4,24,588,"Doyenne","Scenario 4",20
"BE_4_24_589","BE",4,24,589,"Doyenne","Scenario 4",79
"BE_4_24_590","BE",4,24,590,"Doyenne","Scenario 4",49
"BE_4_24_591","BE",4,24,591,"Doyenne","Scenario 4",38
"BE_4_24_592","BE",4,24,592,"Doyenne","Scenario 4",73
"BE_4_24_593","BE",4,24,593,"Doyenne","Scenario 4",25
"BE_4_24_594","BE",4,24,594,"Doyenne","Scenario 4",42
"BE_4_24_595","BE",4,24,595,"Doyenne","Scenario 4",72
"BE_4_24_596","BE",4,24,596,"Doyenne","Scenario 4",52
"BE_4_24_597","BE",4,24,597,"Doyenne","Scenario 4",39
"BE_4_24_598","BE",4,24,598,"Doyenne","Scenario 4",73
"BE_4_24_599","BE",4,24,599,"Doyenne","Scenario 4",56
"BE_4_24_600","BE",4,24,600,"Doyenne","Scenario 4",36
"BE_4_24_601","BE",4,24,601,"Doyenne","Scenario 4",53
"BE_4_24_602","BE",4,24,602,"Doyenne","Scenario 4",57
"BE_4_24_603","BE",4,24,603,"Doyenne","Scenario 4",75
"BE_5_25_604","BE",5,25,604,"Conference","Scenario 1",57
"BE_5_25_605","BE",5,25,605,"Conference","Scenario 1",76
"BE_5_25_606","BE",5,25,606,"Conference","Scenario 1",68
"BE_5_25_607","BE",5,25,607,"Conference","Scenario 1",50
"BE_5_25_608","BE",5,25,608,"Conference","Scenario 1",74
"BE_5_25_609","BE",5,25,609,"Conference","Scenario 1",73
"BE_5_25_610","BE",5,25,610,"Conference","Scenario 1",22
"BE_5_25_611","BE",5,25,611,"Conference","Scenario 1",16
"BE_5_25_612","BE",5,25,612,"Conference","Scenario 1",81
"BE_5_25_613","BE",5,25,613,"Conference","Scenario 1",50
"BE_5_26_614","BE",5,26,614,"Doyenne","Scenario 1",78
"BE_5_26_615","BE",5,26,615,"Doyenne","Scenario 1",31
"BE_5_26_616","BE",5,26,616,"Doyenne","Scenario 1",72
"BE_5_26_617","BE",5,26,617,"Doyenne","Scenario 1",73
"BE_5_26_618","BE",5,26,618,"Doyenne","Scenario 1",50
"BE_5_26_619","BE",5,26,619,"Doyenne","Scenario 1",68
"BE_5_26_620","BE",5,26,620,"Doyenne","Scenario 1",47
"BE_5_26_621","BE",5,26,621,"Doyenne","Scenario 1",56
"BE_5_26_622","BE",5,26,622,"Doyenne","Scenario 1",60
"BE_5_26_623","BE",5,26,623,"Doyenne","Scenario 1",63
"BE_5_26_624","BE",5,26,624,"Doyenne","Scenario 1",41
"BE_5_26_625","BE",5,26,625,"Doyenne","Scenario 1",35
"BE_5_26_626","BE",5,26,626,"Doyenne","Scenario 1",25
"BE_5_26_627","BE",5,26,627,"Doyenne","Scenario 1",31
"BE_5_26_628","BE",5,26,628,"Doyenne","Scenario 1",59
"BE_5_26_629","BE",5,26,629,"Doyenne","Scenario 1",86
"BE_5_27_630","BE",5,27,630,"Conference","Scenario 1",67
"BE_5_27_631","BE",5,27,631,"Conference","Scenario 1",74
"BE_5_27_632","BE",5,27,632,"Conference","Scenario 1",94
"BE_5_27_633","BE",5,27,633,"Conference","Scenario 1",97
"BE_5_27_634","BE",5,27,634,"Conference","Scenario 1",96
"BE_5_27_635","BE",5,27,635,"Conference","Scenario 1",10
"BE_5_27_636","BE",5,27,636,"Conference","Scenario 1",76
"BE_5_27_637","BE",5,27,637,"Conference","Scenario 1",88
"BE_5_27_638","BE",5,27,638,"Conference","Scenario 1",48
"BE_5_27_639","BE",5,27,639,"Conference","Scenario 1",46
"BE_5_27_640","BE",5,27,640,"Conference","Scenario 1",68
"BE_5_27_641","BE",5,27,641,"Conference","Scenario 1",76
"BE_5_27_642","BE",5,27,642,"Conference","Scenario 1",19
"BE_5_27_643","BE",5,27,643,"Conference","Scenario 1",84
"BE_5_27_644","BE",5,27,644,"Conference","Scenario 1",71
"BE_5_27_645","BE",5,27,645,"Conference","Scenario 1",47
"BE_5_27_646","BE",5,27,646,"Conference","Scenario 1",56
"BE_5_27_647","BE",5,27,647,"Conference","Scenario 1",77
"BE_5_27_648","BE",5,27,648,"Conference","Scenario 1",63
"BE_5_27_649","BE",5,27,649,"Conference","Scenario 1",74
"BE_5_27_650","BE",5,27,650,"Conference","Scenario 1",77
"BE_5_27_651","BE",5,27,651,"Conference","Scenario 1",62
"BE_5_27_652","BE",5,27,652,"Conference","Scenario 1",48
"BE_5_28_653","BE",5,28,653,"Doyenne","Scenario 1",71
"BE_5_28_654","BE",5,28,654,"Doyenne","Scenario 1",55
"BE_5_28_655","BE",5,28,655,"Doyenne","Scenario 1",18
"BE_5_28_656","BE",5,28,656,"Doyenne","Scenario 1",60
"BE_5_28_657","BE",5,28,657,"Doyenne","Scenario 1",97
"BE_5_28_658","BE",5,28,658,"Doyenne","Scenario 1",53
"BE_5_28_659","BE",5,28,659,"Doyenne","Scenario 1",26
"BE_5_28_660","BE",5,28,660,"Doyenne","Scenario 1",27
"BE_5_28_661","BE",5,28,661,"Doyenne","Scenario 1",27
"BE_5_28_662","BE",5,28,662,"Doyenne","Scenario 1",39
"BE_5_28_663","BE",5,28,663,"Doyenne","Scenario 1",80
"BE_5_28_664","BE",5,28,664,"Doyenne","Scenario 1",70
"BE_5_28_665","BE",5,28,665,"Doyenne","Scenario 1",30
"BE_5_28_666","BE",5,28,666,"Doyenne","Scenario 1",72
"BE_5_28_667","BE",5,28,667,"Doyenne","Scenario 1",13
"BE_5_28_668","BE",5,28,668,"Doyenne","Scenario 1",79
"BE_5_28_669","BE",5,28,669,"Doyenne","Scenario 1",58
"BE_5_28_670","BE",5,28,670,"Doyenne","Scenario 1",0
"BE_5_28_671","BE",5,28,671,"Doyenne","Scenario 1",0
"BE_5_28_672","BE",5,28,672,"Doyenne","Scenario 1",100
"BE_5_29_673","BE",5,29,673,"Conference","Scenario 1",16
"BE_5_29_674","BE",5,29,674,"Conference","Scenario 1",81
"BE_5_29_675","BE",5,29,675,"Conference","Scenario 1",50
"BE_5_29_676","BE",5,29,676,"Conference","Scenario 1",48
"BE_5_29_677","BE",5,29,677,"Conference","Scenario 1",38
"BE_5_29_678","BE",5,29,678,"Conference","Scenario 1",57
"BE_5_29_679","BE",5,29,679,"Conference","Scenario 1",2
"BE_5_29_680","BE",5,29,680,"Conference","Scenario 1",10
"BE_5_29_681","BE",5,29,681,"Conference","Scenario 1",3
"BE_5_29_682","BE",5,29,682,"Conference","Scenario 1",69
"BE_5_29_683","BE",5,29,683,"Conference","Scenario 1",93
"BE_5_29_684","BE",5,29,684,"Conference","Scenario 1",77
"BE_5_29_685","BE",5,29,685,"Conference","Scenario 1",27
"BE_5_29_686","BE",5,29,686,"Conference","Scenario 1",53
"BE_5_29_687","BE",5,29,687,"Conference","Scenario 1",62
"BE_5_30_688","BE",5,30,688,"Doyenne","Scenario 1",65
"BE_5_30_689","BE",5,30,689,"Doyenne","Scenario 1",28
"BE_5_30_690","BE",5,30,690,"Doyenne","Scenario 1",73
"BE_5_30_691","BE",5,30,691,"Doyenne","Scenario 1",82
"BE_5_30_692","BE",5,30,692,"Doyenne","Scenario 1",21
"BE_5_30_693","BE",5,30,693,"Doyenne","Scenario 1",5
"BE_5_30_694","BE",5,30,694,"Doyenne","Scenario 1",88
"BE_5_30_695","BE",5,30,695,"Doyenne","Scenario 1",73
"BE_5_30_696","BE",5,30,696,"Doyenne","Scenario 1",42
"BE_5_30_697","BE",5,30,697,"Doyenne","Scenario 1",38
"BE_5_30_698","BE",5,30,698,"Doyenne","Scenario 1",79
"BE_5_30_699","BE",5,30,699,"Doyenne","Scenario 1",56
"BE_5_30_700","BE",5,30,700,"Doyenne","Scenario 1",74
"BE_5_30_701","BE",5,30,701,"Doyenne","Scenario 1",0
"BE_5_30_702","BE",5,30,702,"Doyenne","Scenario 1",44
"BE_5_30_703","BE",5,30,703,"Doyenne","Scenario 1",66
"BE_5_30_704","BE",5,30,704,"Doyenne","Scenario 1",70
"BE_6_31_705","BE",6,31,705,"Conference","Scenario 2",58
"BE_6_31_706","BE",6,31,706,"Conference","Scenario 2",85
"BE_6_31_707","BE",6,31,707,"Conference","Scenario 2",44
"BE_6_31_708","BE",6,31,708,"Conference","Scenario 2",80
"BE_6_31_709","BE",6,31,709,"Conference","Scenario 2",67
"BE_6_31_710","BE",6,31,710,"Conference","Scenario 2",23
"BE_6_31_711","BE",6,31,711,"Conference","Scenario 2",100
"BE_6_31_712","BE",6,31,712,"Conference","Scenario 2",72
"BE_6_31_713","BE",6,31,713,"Conference","Scenario 2",68
"BE_6_31_714","BE",6,31,714,"Conference","Scenario 2",59
"BE_6_31_715","BE",6,31,715,"Conference","Scenario 2",50
"BE_6_31_716","BE",6,31,716,"Conference","Scenario 2",43
"BE_6_31_717","BE",6,31,717,"Conference","Scenario 2",84
"BE_6_31_718","BE",6,31,718,"Conference","Scenario 2",55
"BE_6_31_719","BE",6,31,719,"Conference","Scenario 2",27
"BE_6_31_720","BE",6,31,720,"Conference","Scenario 2",74
"BE_6_31_721","BE",6,31,721,"Conference","Scenario 2",62
"BE_6_31_722","BE",6,31,722,"Conference","Scenario 2",80
"BE_6_31_723","BE",6,31,723,"Conference","Scenario 2",67
"BE_6_31_724","BE",6,31,724,"Conference","Scenario 2",81
"BE_6_31_725","BE",6,31,725,"Conference","Scenario 2",70
"BE_6_31_726","BE",6,31,726,"Conference","Scenario 2",38
"BE_6_31_727","BE",6,31,727,"Conference","Scenario 2",42
"BE_6_31_728","BE",6,31,728,"Conference","Scenario 2",39
"BE_6_31_729","BE",6,31,729,"Conference","Scenario 2",49
"BE_6_31_730","BE",6,31,730,"Conference","Scenario 2",30
"BE_6_31_731","BE",6,31,731,"Conference","Scenario 2",63
"BE_6_31_732","BE",6,31,732,"Conference","Scenario 2",92
"BE_6_31_733","BE",6,31,733,"Conference","Scenario 2",54
"BE_6_31_734","BE",6,31,734,"Conference","Scenario 2",55
"BE_6_31_735","BE",6,31,735,"Conference","Scenario 2",68
"BE_6_31_736","BE",6,31,736,"Conference","Scenario 2",98
"BE_6_31_737","BE",6,31,737,"Conference","Scenario 2",80
"BE_6_31_738","BE",6,31,738,"Conference","Scenario 2",31
"BE_6_31_739","BE",6,31,739,"Conference","Scenario 2",83
"BE_6_31_740","BE",6,31,740,"Conference","Scenario 2",72
"BE_6_31_741","BE",6,31,741,"Conference","Scenario 2",71
"BE_6_31_742","BE",6,31,742,"Conference","Scenario 2",32
"BE_6_31_743","BE",6,31,743,"Conference","Scenario 2",78
"BE_6_31_744","BE",6,31,744,"Conference","Scenario 2",97
"BE_6_32_745","BE",6,32,745,"Doyenne","Scenario 2",42
"BE_6_32_746","BE",6,32,746,"Doyenne","Scenario 2",80
"BE_6_32_747","BE",6,32,747,"Doyenne","Scenario 2",76
"BE_6_32_748","BE",6,32,748,"Doyenne","Scenario 2",65
"BE_6_32_749","BE",6,32,749,"Doyenne","Scenario 2",54
"BE_6_32_750","BE",6,32,750,"Doyenne","Scenario 2",69
"BE_6_32_751","BE",6,32,751,"Doyenne","Scenario 2",48
"BE_6_32_752","BE",6,32,752,"Doyenne","Scenario 2",83
"BE_6_32_753","BE",6,32,753,"Doyenne","Scenario 2",21
"BE_6_32_754","BE",6,32,754,"Doyenne","Scenario 2",100
"BE_6_32_755","BE",6,32,755,"Doyenne","Scenario 2",81
"BE_6_32_756","BE",6,32,756,"Doyenne","Scenario 2",75
"BE_6_32_757","BE",6,32,757,"Doyenne","Scenario 2",77
"BE_6_32_758","BE",6,32,758,"Doyenne","Scenario 2",57
"BE_6_32_759","BE",6,32,759,"Doyenne","Scenario 2",100
"BE_6_32_760","BE",6,32,760,"Doyenne","Scenario 2",73
"BE_6_32_761","BE",6,32,761,"Doyenne","Scenario 2",81
"BE_6_32_762","BE",6,32,762,"Doyenne","Scenario 2",70
"BE_6_32_763","BE",6,32,763,"Doyenne","Scenario 2",34
"BE_6_32_764","BE",6,32,764,"Doyenne","Scenario 2",45
"BE_6_32_765","BE",6,32,765,"Doyenne","Scenario 2",53
"BE_6_32_766","BE",6,32,766,"Doyenne","Scenario 2",44
"BE_6_32_767","BE",6,32,767,"Doyenne","Scenario 2",40
"BE_6_32_768","BE",6,32,768,"Doyenne","Scenario 2",51
"BE_6_32_769","BE",6,32,769,"Doyenne","Scenario 2",76
"BE_6_32_770","BE",6,32,770,"Doyenne","Scenario 2",14
"BE_6_32_771","BE",6,32,771,"Doyenne","Scenario 2",73
"BE_6_32_772","BE",6,32,772,"Doyenne","Scenario 2",17
"BE_6_32_773","BE",6,32,773,"Doyenne","Scenario 2",34
"BE_6_33_774","BE",6,33,774,"Conference","Scenario 2",26
"BE_6_33_775","BE",6,33,775,"Conference","Scenario 2",86
"BE_6_33_776","BE",6,33,776,"Conference","Scenario 2",70
"BE_6_33_777","BE",6,33,777,"Conference","Scenario 2",37
"BE_6_33_778","BE",6,33,778,"Conference","Scenario 2",47
"BE_6_33_779","BE",6,33,779,"Conference","Scenario 2",51
"BE_6_33_780","BE",6,33,780,"Conference","Scenario 2",81
"BE_6_33_781","BE",6,33,781,"Conference","Scenario 2",59
"BE_6_33_782","BE",6,33,782,"Conference","Scenario 2",39
"BE_6_33_783","BE",6,33,783,"Conference","Scenario 2",51
"BE_6_33_784","BE",6,33,784,"Conference","Scenario 2",100
"BE_6_33_785","BE",6,33,785,"Conference","Scenario 2",68
"BE_6_33_786","BE",6,33,786,"Conference","Scenario 2",52
"BE_6_33_787","BE",6,33,787,"Conference","Scenario 2",72
"BE_6_33_788","BE",6,33,788,"Conference","Scenario 2",48
"BE_6_33_789","BE",6,33,789,"Conference","Scenario 2",91
"BE_6_33_790","BE",6,33,790,"Conference","Scenario 2",79
"BE_6_33_791","BE",6,33,791,"Conference","Scenario 2",70
"BE_6_33_792","BE",6,33,792,"Conference","Scenario 2",100
"BE_6_33_793","BE",6,33,793,"Conference","Scenario 2",51
"BE_6_33_794","BE",6,33,794,"Conference","Scenario 2",61
"BE_6_33_795","BE",6,33,795,"Conference","Scenario 2",18
"BE_6_33_796","BE",6,33,796,"Conference","Scenario 2",48
"BE_6_33_797","BE",6,33,797,"Conference","Scenario 2",85
"BE_6_33_798","BE",6,33,798,"Conference","Scenario 2",93
"BE_6_33_799","BE",6,33,799,"Conference","Scenario 2",37
"BE_6_33_800","BE",6,33,800,"Conference","Scenario 2",63
"BE_6_33_801","BE",6,33,801,"Conference","Scenario 2",33
"BE_6_33_802","BE",6,33,802,"Conference","Scenario 2",60
"BE_6_33_803","BE",6,33,803,"Conference","Scenario 2",83
"BE_6_33_804","BE",6,33,804,"Conference","Scenario 2",27
"BE_6_33_805","BE",6,33,805,"Conference","Scenario 2",71
"BE_6_33_806","BE",6,33,806,"Conference","Scenario 2",65
"BE_6_33_807","BE",6,33,807,"Conference","Scenario 2",75
"BE_6_33_808","BE",6,33,808,"Conference","Scenario 2",54
"BE_6_33_809","BE",6,33,809,"Conference","Scenario 2",58
"BE_6_33_810","BE",6,33,810,"Conference","Scenario 2",41
"BE_6_34_811","BE",6,34,811,"Doyenne","Scenario 2",70
"BE_6_34_812","BE",6,34,812,"Doyenne","Scenario 2",56
"BE_6_34_813","BE",6,34,813,"Doyenne","Scenario 2",47
"BE_6_34_814","BE",6,34,814,"Doyenne","Scenario 2",81
"BE_6_34_815","BE",6,34,815,"Doyenne","Scenario 2",65
"BE_6_34_816","BE",6,34,816,"Doyenne","Scenario 2",59
"BE_6_34_817","BE",6,34,817,"Doyenne","Scenario 2",73
"BE_6_34_818","BE",6,34,818,"Doyenne","Scenario 2",49
"BE_6_34_819","BE",6,34,819,"Doyenne","Scenario 2",66
"BE_6_34_820","BE",6,34,820,"Doyenne","Scenario 2",100
"BE_6_34_821","BE",6,34,821,"Doyenne","Scenario 2",46
"BE_6_34_822","BE",6,34,822,"Doyenne","Scenario 2",54
"BE_6_34_823","BE",6,34,823,"Doyenne","Scenario 2",73
"BE_6_34_824","BE",6,34,824,"Doyenne","Scenario 2",60
"BE_6_34_825","BE",6,34,825,"Doyenne","Scenario 2",93
"BE_6_34_826","BE",6,34,826,"Doyenne","Scenario 2",73
"BE_6_34_827","BE",6,34,827,"Doyenne","Scenario 2",68
"BE_6_34_828","BE",6,34,828,"Doyenne","Scenario 2",36
"BE_6_34_829","BE",6,34,829,"Doyenne","Scenario 2",50
"BE_6_34_830","BE",6,34,830,"Doyenne","Scenario 2",58
"BE_6_34_831","BE",6,34,831,"Doyenne","Scenario 2",55
"BE_6_34_832","BE",6,34,832,"Doyenne","Scenario 2",52
"BE_6_34_833","BE",6,34,833,"Doyenne","Scenario 2",62
"BE_6_34_834","BE",6,34,834,"Doyenne","Scenario 2",8
"BE_6_34_835","BE",6,34,835,"Doyenne","Scenario 2",100
"BE_6_34_836","BE",6,34,836,"Doyenne","Scenario 2",100
"BE_6_34_837","BE",6,34,837,"Doyenne","Scenario 2",26
"BE_6_35_838","BE",6,35,838,"Conference","Scenario 2",81
"BE_6_35_839","BE",6,35,839,"Conference","Scenario 2",34
"BE_6_35_840","BE",6,35,840,"Conference","Scenario 2",36
"BE_6_35_841","BE",6,35,841,"Conference","Scenario 2",86
"BE_6_35_842","BE",6,35,842,"Conference","Scenario 2",53
"BE_6_35_843","BE",6,35,843,"Conference","Scenario 2",87
"BE_6_35_844","BE",6,35,844,"Conference","Scenario 2",100
"BE_6_35_845","BE",6,35,845,"Conference","Scenario 2",72
"BE_6_35_846","BE",6,35,846,"Conference","Scenario 2",73
"BE_6_35_847","BE",6,35,847,"Conference","Scenario 2",38
"BE_6_35_848","BE",6,35,848,"Conference","Scenario 2",67
"BE_6_35_849","BE",6,35,849,"Conference","Scenario 2",41
"BE_6_35_850","BE",6,35,850,"Conference","Scenario 2",72
"BE_6_35_851","BE",6,35,851,"Conference","Scenario 2",75
"BE_6_35_852","BE",6,35,852,"Conference","Scenario 2",74
"BE_6_35_853","BE",6,35,853,"Conference","Scenario 2",36
"BE_6_35_854","BE",6,35,854,"Conference","Scenario 2",80
"BE_6_35_855","BE",6,35,855,"Conference","Scenario 2",97
"BE_6_35_856","BE",6,35,856,"Conference","Scenario 2",33
"BE_6_35_857","BE",6,35,857,"Conference","Scenario 2",82
"BE_6_35_858","BE",6,35,858,"Conference","Scenario 2",94
"BE_6_35_859","BE",6,35,859,"Conference","Scenario 2",95
"BE_6_36_860","BE",6,36,860,"Doyenne","Scenario 2",88
"BE_6_36_861","BE",6,36,861,"Doyenne","Scenario 2",67
"BE_6_36_862","BE",6,36,862,"Doyenne","Scenario 2",85
"BE_6_36_863","BE",6,36,863,"Doyenne","Scenario 2",39
"BE_6_36_864","BE",6,36,864,"Doyenne","Scenario 2",100
"BE_6_36_865","BE",6,36,865,"Doyenne","Scenario 2",65
"BE_6_36_866","BE",6,36,866,"Doyenne","Scenario 2",76
"BE_6_36_867","BE",6,36,867,"Doyenne","Scenario 2",40
"BE_6_36_868","BE",6,36,868,"Doyenne","Scenario 2",70
"BE_6_36_869","BE",6,36,869,"Doyenne","Scenario 2",70
"BE_6_36_870","BE",6,36,870,"Doyenne","Scenario 2",33
"BE_6_36_871","BE",6,36,871,"Doyenne","Scenario 2",52
"BE_6_36_872","BE",6,36,872,"Doyenne","Scenario 2",27
"BE_6_36_873","BE",6,36,873,"Doyenne","Scenario 2",83
"BE_6_36_874","BE",6,36,874,"Doyenne","Scenario 2",94
"BE_6_36_875","BE",6,36,875,"Doyenne","Scenario 2",62
"BE_6_36_876","BE",6,36,876,"Doyenne","Scenario 2",61
"BE_6_36_877","BE",6,36,877,"Doyenne","Scenario 2",77
"BE_6_36_878","BE",6,36,878,"Doyenne","Scenario 2",51
"BE_6_36_879","BE",6,36,879,"Doyenne","Scenario 2",100
"BE_6_36_880","BE",6,36,880,"Doyenne","Scenario 2",40
"BE_6_36_881","BE",6,36,881,"Doyenne","Scenario 2",63
"BE_6_36_882","BE",6,36,882,"Doyenne","Scenario 2",37
"BE_6_36_883","BE",6,36,883,"Doyenne","Scenario 2",32
"BE_6_36_884","BE",6,36,884,"Doyenne","Scenario 2",75
"BE_6_36_885","BE",6,36,885,"Doyenne","Scenario 2",38
"BE_6_36_886","BE",6,36,886,"Doyenne","Scenario 2",71
"BE_6_36_887","BE",6,36,887,"Doyenne","Scenario 2",5
"BE_6_36_888","BE",6,36,888,"Doyenne","Scenario 2",47
"BE_6_36_889","BE",6,36,889,"Doyenne","Scenario 2",55
"BE_6_36_890","BE",6,36,890,"Doyenne","Scenario 2",47
"BE_6_36_891","BE",6,36,891,"Doyenne","Scenario 2",52
"BE_6_36_892","BE",6,36,892,"Doyenne","Scenario 2",30
"BE_6_36_893","BE",6,36,893,"Doyenne","Scenario 2",100
"BE_7_37_894","BE",7,37,894,"Conference","Scenario 3",21
"BE_7_37_895","BE",7,37,895,"Conference","Scenario 3",71
"BE_7_37_896","BE",7,37,896,"Conference","Scenario 3",100
"BE_7_37_897","BE",7,37,897,"Conference","Scenario 3",76
"BE_7_37_898","BE",7,37,898,"Conference","Scenario 3",69
"BE_7_37_899","BE",7,37,899,"Conference","Scenario 3",14
"BE_7_37_900","BE",7,37,900,"Conference","Scenario 3",92
"BE_7_37_901","BE",7,37,901,"Conference","Scenario 3",49
"BE_7_37_902","BE",7,37,902,"Conference","Scenario 3",67
"BE_7_37_903","BE",7,37,903,"Conference","Scenario 3",88
"BE_7_37_904","BE",7,37,904,"Conference","Scenario 3",86
"BE_7_37_905","BE",7,37,905,"Conference","Scenario 3",88
"BE_7_37_906","BE",7,37,906,"Conference","Scenario 3",100
"BE_7_37_907","BE",7,37,907,"Conference","Scenario 3",29
"BE_7_37_908","BE",7,37,908,"Conference","Scenario 3",61
"BE_7_37_909","BE",7,37,909,"Conference","Scenario 3",37
"BE_7_37_910","BE",7,37,910,"Conference","Scenario 3",100
"BE_7_37_911","BE",7,37,911,"Conference","Scenario 3",62
"BE_7_37_912","BE",7,37,912,"Conference","Scenario 3",58
"BE_7_37_913","BE",7,37,913,"Conference","Scenario 3",72
"BE_7_37_914","BE",7,37,914,"Conference","Scenario 3",34
"BE_7_37_915","BE",7,37,915,"Conference","Scenario 3",85
"BE_7_37_916","BE",7,37,916,"Conference","Scenario 3",44
"BE_7_37_917","BE",7,37,917,"Conference","Scenario 3",82
"BE_7_37_918","BE",7,37,918,"Conference","Scenario 3",100
"BE_7_37_919","BE",7,37,919,"Conference","Scenario 3",86
"BE_7_37_920","BE",7,37,920,"Conference","Scenario 3",100
"BE_7_37_921","BE",7,37,921,"Conference","Scenario 3",77
"BE_7_37_922","BE",7,37,922,"Conference","Scenario 3",38
"BE_7_37_923","BE",7,37,923,"Conference","Scenario 3",100
"BE_7_38_924","BE",7,38,924,"Doyenne","Scenario 3",59
"BE_7_38_925","BE",7,38,925,"Doyenne","Scenario 3",27
"BE_7_38_926","BE",7,38,926,"Doyenne","Scenario 3",30
"BE_7_38_927","BE",7,38,927,"Doyenne","Scenario 3",4
"BE_7_38_928","BE",7,38,928,"Doyenne","Scenario 3",0
"BE_7_38_929","BE",7,38,929,"Doyenne","Scenario 3",49
"BE_7_38_930","BE",7,38,930,"Doyenne","Scenario 3",59
"BE_7_38_931","BE",7,38,931,"Doyenne","Scenario 3",100
"BE_7_38_932","BE",7,38,932,"Doyenne","Scenario 3",58
"BE_7_38_933","BE",7,38,933,"Doyenne","Scenario 3",73
"BE_7_38_934","BE",7,38,934,"Doyenne","Scenario 3",52
"BE_7_38_935","BE",7,38,935,"Doyenne","Scenario 3",81
"BE_7_38_936","BE",7,38,936,"Doyenne","Scenario 3",32
"BE_7_38_937","BE",7,38,937,"Doyenne","Scenario 3",39
"BE_7_38_938","BE",7,38,938,"Doyenne","Scenario 3",100
"BE_7_38_939","BE",7,38,939,"Doyenne","Scenario 3",8
"BE_7_38_940","BE",7,38,940,"Doyenne","Scenario 3",80
"BE_7_38_941","BE",7,38,941,"Doyenne","Scenario 3",61
"BE_7_38_942","BE",7,38,942,"Doyenne","Scenario 3",54
"BE_7_38_943","BE",7,38,943,"Doyenne","Scenario 3",33
"BE_7_38_944","BE",7,38,944,"Doyenne","Scenario 3",60
"BE_7_38_945","BE",7,38,945,"Doyenne","Scenario 3",88
"BE_7_38_946","BE",7,38,946,"Doyenne","Scenario 3",29
"BE_7_39_947","BE",7,39,947,"Conference","Scenario 3",39
"BE_7_39_948","BE",7,39,948,"Conference","Scenario 3",77
"BE_7_39_949","BE",7,39,949,"Conference","Scenario 3",85
"BE_7_39_950","BE",7,39,950,"Conference","Scenario 3",68
"BE_7_39_951","BE",7,39,951,"Conference","Scenario 3",98
"BE_7_39_952","BE",7,39,952,"Conference","Scenario 3",73
"BE_7_39_953","BE",7,39,953,"Conference","Scenario 3",39
"BE_7_39_954","BE",7,39,954,"Conference","Scenario 3",70
"BE_7_39_955","BE",7,39,955,"Conference","Scenario 3",41
"BE_7_39_956","BE",7,39,956,"Conference","Scenario 3",72
"BE_7_39_957","BE",7,39,957,"Conference","Scenario 3",17
"BE_7_39_958","BE",7,39,958,"Conference","Scenario 3",57
"BE_7_39_959","BE",7,39,959,"Conference","Scenario 3",49
"BE_7_39_960","BE",7,39,960,"Conference","Scenario 3",74
"BE_7_39_961","BE",7,39,961,"Conference","Scenario 3",96
"BE_7_39_962","BE",7,39,962,"Conference","Scenario 3",100
"BE_7_39_963","BE",7,39,963,"Conference","Scenario 3",58
"BE_7_39_964","BE",7,39,964,"Conference","Scenario 3",97
"BE_7_39_965","BE",7,39,965,"Conference","Scenario 3",79
"BE_7_39_966","BE",7,39,966,"Conference","Scenario 3",54
"BE_7_39_967","BE",7,39,967,"Conference","Scenario 3",82
"BE_7_40_968","BE",7,40,968,"Doyenne","Scenario 3",50
"BE_7_40_969","BE",7,40,969,"Doyenne","Scenario 3",100
"BE_7_40_970","BE",7,40,970,"Doyenne","Scenario 3",66
"BE_7_40_971","BE",7,40,971,"Doyenne","Scenario 3",47
"BE_7_40_972","BE",7,40,972,"Doyenne","Scenario 3",45
"BE_7_40_973","BE",7,40,973,"Doyenne","Scenario 3",100
"BE_7_40_974","BE",7,40,974,"Doyenne","Scenario 3",16
"BE_7_40_975","BE",7,40,975,"Doyenne","Scenario 3",22
"BE_7_40_976","BE",7,40,976,"Doyenne","Scenario 3",41
"BE_7_40_977","BE",7,40,977,"Doyenne","Scenario 3",46
"BE_7_40_978","BE",7,40,978,"Doyenne","Scenario 3",42
"BE_7_40_979","BE",7,40,979,"Doyenne","Scenario 3",22
"BE_7_40_980","BE",7,40,980,"Doyenne","Scenario 3",14
"BE_7_40_981","BE",7,40,981,"Doyenne","Scenario 3",14
"BE_7_40_982","BE",7,40,982,"Doyenne","Scenario 3",60
"BE_7_40_983","BE",7,40,983,"Doyenne","Scenario 3",20
"BE_7_40_984","BE",7,40,984,"Doyenne","Scenario 3",83
"BE_7_40_985","BE",7,40,985,"Doyenne","Scenario 3",61
"BE_7_40_986","BE",7,40,986,"Doyenne","Scenario 3",24
"BE_7_40_987","BE",7,40,987,"Doyenne","Scenario 3",28
"BE_7_40_988","BE",7,40,988,"Doyenne","Scenario 3",47
"BE_7_41_989","BE",7,41,989,"Conference","Scenario 3",100
"BE_7_41_990","BE",7,41,990,"Conference","Scenario 3",45
"BE_7_41_991","BE",7,41,991,"Conference","Scenario 3",16
"BE_7_41_992","BE",7,41,992,"Conference","Scenario 3",57
"BE_7_41_993","BE",7,41,993,"Conference","Scenario 3",69
"BE_7_41_994","BE",7,41,994,"Conference","Scenario 3",84
"BE_7_41_995","BE",7,41,995,"Conference","Scenario 3",91
"BE_7_41_996","BE",7,41,996,"Conference","Scenario 3",79
"BE_7_41_997","BE",7,41,997,"Conference","Scenario 3",38
"BE_7_41_998","BE",7,41,998,"Conference","Scenario 3",35
"BE_7_41_999","BE",7,41,999,"Conference","Scenario 3",84
"BE_7_41_1000","BE",7,41,1000,"Conference","Scenario 3",66
"BE_7_41_1001","BE",7,41,1001,"Conference","Scenario 3",80
"BE_7_41_1002","BE",7,41,1002,"Conference","Scenario 3",44
"BE_7_41_1003","BE",7,41,1003,"Conference","Scenario 3",40
"BE_7_41_1004","BE",7,41,1004,"Conference","Scenario 3",46
"BE_7_41_1005","BE",7,41,1005,"Conference","Scenario 3",52
"BE_7_42_1006","BE",7,42,1006,"Doyenne","Scenario 3",60
"BE_7_42_1007","BE",7,42,1007,"Doyenne","Scenario 3",25
"BE_7_42_1008","BE",7,42,1008,"Doyenne","Scenario 3",30
"BE_7_42_1009","BE",7,42,1009,"Doyenne","Scenario 3",21
"BE_7_42_1010","BE",7,42,1010,"Doyenne","Scenario 3",81
"BE_7_42_1011","BE",7,42,1011,"Doyenne","Scenario 3",44
"BE_7_42_1012","BE",7,42,1012,"Doyenne","Scenario 3",82
"BE_7_42_1013","BE",7,42,1013,"Doyenne","Scenario 3",90
"BE_7_42_1014","BE",7,42,1014,"Doyenne","Scenario 3",100
"BE_7_42_1015","BE",7,42,1015,"Doyenne","Scenario 3",18
"BE_7_42_1016","BE",7,42,1016,"Doyenne","Scenario 3",69
"BE_7_42_1017","BE",7,42,1017,"Doyenne","Scenario 3",47
"BE_7_42_1018","BE",7,42,1018,"Doyenne","Scenario 3",57
"BE_7_42_1019","BE",7,42,1019,"Doyenne","Scenario 3",100
"BE_7_42_1020","BE",7,42,1020,"Doyenne","Scenario 3",80
"BE_7_42_1021","BE",7,42,1021,"Doyenne","Scenario 3",56
"BE_7_42_1022","BE",7,42,1022,"Doyenne","Scenario 3",95
"BE_7_42_1023","BE",7,42,1023,"Doyenne","Scenario 3",17
"BE_7_42_1024","BE",7,42,1024,"Doyenne","Scenario 3",79
"BE_7_42_1025","BE",7,42,1025,"Doyenne","Scenario 3",28
"BE_7_42_1026","BE",7,42,1026,"Doyenne","Scenario 3",30
"BE_7_42_1027","BE",7,42,1027,"Doyenne","Scenario 3",57
"BE_7_42_1028","BE",7,42,1028,"Doyenne","Scenario 3",40
"BE_7_42_1029","BE",7,42,1029,"Doyenne","Scenario 3",46
"BE_7_42_1030","BE",7,42,1030,"Doyenne","Scenario 3",100
"BE_7_42_1031","BE",7,42,1031,"Doyenne","Scenario 3",17
"BE_7_42_1032","BE",7,42,1032,"Doyenne","Scenario 3",100
"BE_7_42_1033","BE",7,42,1033,"Doyenne","Scenario 3",72
"BE_8_43_1034","BE",8,43,1034,"Conference","Scenario 4",12
"BE_8_43_1035","BE",8,43,1035,"Conference","Scenario 4",67
"BE_8_43_1036","BE",8,43,1036,"Conference","Scenario 4",50
"BE_8_43_1037","BE",8,43,1037,"Conference","Scenario 4",100
"BE_8_43_1038","BE",8,43,1038,"Conference","Scenario 4",66
"BE_8_43_1039","BE",8,43,1039,"Conference","Scenario 4",60
"BE_8_43_1040","BE",8,43,1040,"Conference","Scenario 4",32
"BE_8_43_1041","BE",8,43,1041,"Conference","Scenario 4",67
"BE_8_43_1042","BE",8,43,1042,"Conference","Scenario 4",55
"BE_8_43_1043","BE",8,43,1043,"Conference","Scenario 4",83
"BE_8_43_1044","BE",8,43,1044,"Conference","Scenario 4",37
"BE_8_43_1045","BE",8,43,1045,"Conference","Scenario 4",54
"BE_8_43_1046","BE",8,43,1046,"Conference","Scenario 4",73
"BE_8_43_1047","BE",8,43,1047,"Conference","Scenario 4",57
"BE_8_43_1048","BE",8,43,1048,"Conference","Scenario 4",50
"BE_8_43_1049","BE",8,43,1049,"Conference","Scenario 4",61
"BE_8_43_1050","BE",8,43,1050,"Conference","Scenario 4",77
"BE_8_43_1051","BE",8,43,1051,"Conference","Scenario 4",45
"BE_8_43_1052","BE",8,43,1052,"Conference","Scenario 4",40
"BE_8_43_1053","BE",8,43,1053,"Conference","Scenario 4",91
"BE_8_43_1054","BE",8,43,1054,"Conference","Scenario 4",100
"BE_8_43_1055","BE",8,43,1055,"Conference","Scenario 4",49
"BE_8_43_1056","BE",8,43,1056,"Conference","Scenario 4",43
"BE_8_43_1057","BE",8,43,1057,"Conference","Scenario 4",84
"BE_8_43_1058","BE",8,43,1058,"Conference","Scenario 4",86
"BE_8_43_1059","BE",8,43,1059,"Conference","Scenario 4",76
"BE_8_44_1060","BE",8,44,1060,"Doyenne","Scenario 4",43
"BE_8_44_1061","BE",8,44,1061,"Doyenne","Scenario 4",82
"BE_8_44_1062","BE",8,44,1062,"Doyenne","Scenario 4",75
"BE_8_44_1063","BE",8,44,1063,"Doyenne","Scenario 4",17
"BE_8_44_1064","BE",8,44,1064,"Doyenne","Scenario 4",71
"BE_8_44_1065","BE",8,44,1065,"Doyenne","Scenario 4",64
"BE_8_44_1066","BE",8,44,1066,"Doyenne","Scenario 4",100
"BE_8_44_1067","BE",8,44,1067,"Doyenne","Scenario 4",82
"BE_8_44_1068","BE",8,44,1068,"Doyenne","Scenario 4",19
"BE_8_44_1069","BE",8,44,1069,"Doyenne","Scenario 4",53
"BE_8_44_1070","BE",8,44,1070,"Doyenne","Scenario 4",33
"BE_8_44_1071","BE",8,44,1071,"Doyenne","Scenario 4",0
"BE_8_44_1072","BE",8,44,1072,"Doyenne","Scenario 4",47
"BE_8_44_1073","BE",8,44,1073,"Doyenne","Scenario 4",19
"BE_8_44_1074","BE",8,44,1074,"Doyenne","Scenario 4",36
"BE_8_44_1075","BE",8,44,1075,"Doyenne","Scenario 4",88
"BE_8_44_1076","BE",8,44,1076,"Doyenne","Scenario 4",94
"BE_8_44_1077","BE",8,44,1077,"Doyenne","Scenario 4",22
"BE_8_44_1078","BE",8,44,1078,"Doyenne","Scenario 4",44
"BE_8_45_1079","BE",8,45,1079,"Conference","Scenario 4",47
"BE_8_45_1080","BE",8,45,1080,"Conference","Scenario 4",47
"BE_8_45_1081","BE",8,45,1081,"Conference","Scenario 4",88
"BE_8_45_1082","BE",8,45,1082,"Conference","Scenario 4",66
"BE_8_45_1083","BE",8,45,1083,"Conference","Scenario 4",47
"BE_8_45_1084","BE",8,45,1084,"Conference","Scenario 4",43
"BE_8_45_1085","BE",8,45,1085,"Conference","Scenario 4",65
"BE_8_45_1086","BE",8,45,1086,"Conference","Scenario 4",76
"BE_8_45_1087","BE",8,45,1087,"Conference","Scenario 4",78
"BE_8_45_1088","BE",8,45,1088,"Conference","Scenario 4",91
"BE_8_45_1089","BE",8,45,1089,"Conference","Scenario 4",57
"BE_8_45_1090","BE",8,45,1090,"Conference","Scenario 4",52
"BE_8_45_1091","BE",8,45,1091,"Conference","Scenario 4",37
"BE_8_45_1092","BE",8,45,1092,"Conference","Scenario 4",89
"BE_8_46_1093","BE",8,46,1093,"Doyenne","Scenario 4",49
"BE_8_46_1094","BE",8,46,1094,"Doyenne","Scenario 4",71
"BE_8_46_1095","BE",8,46,1095,"Doyenne","Scenario 4",56
"BE_8_46_1096","BE",8,46,1096,"Doyenne","Scenario 4",43
"BE_8_46_1097","BE",8,46,1097,"Doyenne","Scenario 4",70
"BE_8_46_1098","BE",8,46,1098,"Doyenne","Scenario 4",22
"BE_8_46_1099","BE",8,46,1099,"Doyenne","Scenario 4",55
"BE_8_46_1100","BE",8,46,1100,"Doyenne","Scenario 4",75
"BE_8_46_1101","BE",8,46,1101,"Doyenne","Scenario 4",67
"BE_8_46_1102","BE",8,46,1102,"Doyenne","Scenario 4",47
"BE_8_46_1103","BE",8,46,1103,"Doyenne","Scenario 4",56
"BE_8_46_1104","BE",8,46,1104,"Doyenne","Scenario 4",36
"BE_8_46_1105","BE",8,46,1105,"Doyenne","Scenario 4",25
"BE_8_46_1106","BE",8,46,1106,"Doyenne","Scenario 4",42
"BE_8_46_1107","BE",8,46,1107,"Doyenne","Scenario 4",47
"BE_8_46_1108","BE",8,46,1108,"Doyenne","Scenario 4",47
"BE_8_46_1109","BE",8,46,1109,"Doyenne","Scenario 4",88
"BE_8_46_1110","BE",8,46,1110,"Doyenne","Scenario 4",53
"BE_8_46_1111","BE",8,46,1111,"Doyenne","Scenario 4",25
"BE_8_46_1112","BE",8,46,1112,"Doyenne","Scenario 4",64
"BE_8_46_1113","BE",8,46,1113,"Doyenne","Scenario 4",57
"BE_8_47_1114","BE",8,47,1114,"Conference","Scenario 4",86
"BE_8_47_1115","BE",8,47,1115,"Conference","Scenario 4",57
"BE_8_47_1116","BE",8,47,1116,"Conference","Scenario 4",100
"BE_8_47_1117","BE",8,47,1117,"Conference","Scenario 4",57
"BE_8_47_1118","BE",8,47,1118,"Conference","Scenario 4",54
"BE_8_47_1119","BE",8,47,1119,"Conference","Scenario 4",46
"BE_8_47_1120","BE",8,47,1120,"Conference","Scenario 4",77
"BE_8_47_1121","BE",8,47,1121,"Conference","Scenario 4",42
"BE_8_47_1122","BE",8,47,1122,"Conference","Scenario 4",94
"BE_8_47_1123","BE",8,47,1123,"Conference","Scenario 4",91
"BE_8_47_1124","BE",8,47,1124,"Conference","Scenario 4",26
"BE_8_47_1125","BE",8,47,1125,"Conference","Scenario 4",82
"BE_8_47_1126","BE",8,47,1126,"Conference","Scenario 4",17
"BE_8_47_1127","BE",8,47,1127,"Conference","Scenario 4",69
"BE_8_47_1128","BE",8,47,1128,"Conference","Scenario 4",53
"BE_8_47_1129","BE",8,47,1129,"Conference","Scenario 4",49
"BE_8_48_1130","BE",8,48,1130,"Doyenne","Scenario 4",100
"BE_8_48_1131","BE",8,48,1131,"Doyenne","Scenario 4",14
"BE_8_48_1132","BE",8,48,1132,"Doyenne","Scenario 4",23
"BE_8_48_1133","BE",8,48,1133,"Doyenne","Scenario 4",73
"BE_8_48_1134","BE",8,48,1134,"Doyenne","Scenario 4",64
"BE_8_48_1135","BE",8,48,1135,"Doyenne","Scenario 4",1
"BE_8_48_1136","BE",8,48,1136,"Doyenne","Scenario 4",41
"BE_8_48_1137","BE",8,48,1137,"Doyenne","Scenario 4",62
"BE_8_48_1138","BE",8,48,1138,"Doyenne","Scenario 4",35
"BE_8_48_1139","BE",8,48,1139,"Doyenne","Scenario 4",75
"BE_8_48_1140","BE",8,48,1140,"Doyenne","Scenario 4",52
"BE_8_48_1141","BE",8,48,1141,"Doyenne","Scenario 4",94
"BE_8_48_1142","BE",8,48,1142,"Doyenne","Scenario 4",32
"BE_8_48_1143","BE",8,48,1143,"Doyenne","Scenario 4",1
"FR_9_49_1144","FR",9,49,1144,"Conference","Scenario 1",29
"FR_9_49_1145","FR",9,49,1145,"Conference","Scenario 1",89
"FR_9_49_1146","FR",9,49,1146,"Conference","Scenario 1",74
"FR_9_49_1147","FR",9,49,1147,"Conference","Scenario 1",78
"FR_9_49_1148","FR",9,49,1148,"Conference","Scenario 1",58
"FR_9_49_1149","FR",9,49,1149,"Conference","Scenario 1",47
"FR_9_49_1150","FR",9,49,1150,"Conference","Scenario 1",80
"FR_9_49_1151","FR",9,49,1151,"Conference","Scenario 1",81
"FR_9_49_1152","FR",9,49,1152,"Conference","Scenario 1",58
"FR_9_49_1153","FR",9,49,1153,"Conference","Scenario 1",82
"FR_9_49_1154","FR",9,49,1154,"Conference","Scenario 1",17
"FR_9_49_1155","FR",9,49,1155,"Conference","Scenario 1",40
"FR_9_49_1156","FR",9,49,1156,"Conference","Scenario 1",22
"FR_9_49_1157","FR",9,49,1157,"Conference","Scenario 1",55
"FR_9_49_1158","FR",9,49,1158,"Conference","Scenario 1",27
"FR_9_49_1159","FR",9,49,1159,"Conference","Scenario 1",67
"FR_9_49_1160","FR",9,49,1160,"Conference","Scenario 1",63
"FR_9_49_1161","FR",9,49,1161,"Conference","Scenario 1",87
"FR_9_50_1162","FR",9,50,1162,"Doyenne","Scenario 1",49
"FR_9_50_1163","FR",9,50,1163,"Doyenne","Scenario 1",46
"FR_9_50_1164","FR",9,50,1164,"Doyenne","Scenario 1",48
"FR_9_50_1165","FR",9,50,1165,"Doyenne","Scenario 1",30
"FR_9_50_1166","FR",9,50,1166,"Doyenne","Scenario 1",18
"FR_9_50_1167","FR",9,50,1167,"Doyenne","Scenario 1",24
"FR_9_50_1168","FR",9,50,1168,"Doyenne","Scenario 1",64
"FR_9_50_1169","FR",9,50,1169,"Doyenne","Scenario 1",33
"FR_9_51_1170","FR",9,51,1170,"Conference","Scenario 1",41
"FR_9_51_1171","FR",9,51,1171,"Conference","Scenario 1",38
"FR_9_51_1172","FR",9,51,1172,"Conference","Scenario 1",47
"FR_9_51_1173","FR",9,51,1173,"Conference","Scenario 1",71
"FR_9_51_1174","FR",9,51,1174,"Conference","Scenario 1",51
"FR_9_51_1175","FR",9,51,1175,"Conference","Scenario 1",69
"FR_9_51_1176","FR",9,51,1176,"Conference","Scenario 1",41
"FR_9_51_1177","FR",9,51,1177,"Conference","Scenario 1",25
"FR_9_51_1178","FR",9,51,1178,"Conference","Scenario 1",36
"FR_9_51_1179","FR",9,51,1179,"Conference","Scenario 1",77
"FR_9_51_1180","FR",9,51,1180,"Conference","Scenario 1",48
"FR_9_51_1181","FR",9,51,1181,"Conference","Scenario 1",60
"FR_9_51_1182","FR",9,51,1182,"Conference","Scenario 1",70
"FR_9_51_1183","FR",9,51,1183,"Conference","Scenario 1",100
"FR_9_51_1184","FR",9,51,1184,"Conference","Scenario 1",66
"FR_9_51_1185","FR",9,51,1185,"Conference","Scenario 1",78
"FR_9_52_1186","FR",9,52,1186,"Doyenne","Scenario 1",49
"FR_9_52_1187","FR",9,52,1187,"Doyenne","Scenario 1",63
"FR_9_52_1188","FR",9,52,1188,"Doyenne","Scenario 1",20
"FR_9_52_1189","FR",9,52,1189,"Doyenne","Scenario 1",42
"FR_9_52_1190","FR",9,52,1190,"Doyenne","Scenario 1",2
"FR_9_52_1191","FR",9,52,1191,"Doyenne","Scenario 1",51
"FR_9_52_1192","FR",9,52,1192,"Doyenne","Scenario 1",34
"FR_9_52_1193","FR",9,52,1193,"Doyenne","Scenario 1",35
"FR_9_52_1194","FR",9,52,1194,"Doyenne","Scenario 1",100
"FR_9_52_1195","FR",9,52,1195,"Doyenne","Scenario 1",28
"FR_9_52_1196","FR",9,52,1196,"Doyenne","Scenario 1",83
"FR_9_52_1197","FR",9,52,1197,"Doyenne","Scenario 1",42
"FR_9_52_1198","FR",9,52,1198,"Doyenne","Scenario 1",20
"FR_9_52_1199","FR",9,52,1199,"Doyenne","Scenario 1",27
"FR_9_52_1200","FR",9,52,1200,"Doyenne","Scenario 1",70
"FR_9_52_1201","FR",9,52,1201,"Doyenne","Scenario 1",50
"FR_9_52_1202","FR",9,52,1202,"Doyenne","Scenario 1",0
"FR_9_52_1203","FR",9,52,1203,"Doyenne","Scenario 1",69
"FR_9_53_1204","FR",9,53,1204,"Conference","Scenario 1",41
"FR_9_53_1205","FR",9,53,1205,"Conference","Scenario 1",50
"FR_9_53_1206","FR",9,53,1206,"Conference","Scenario 1",66
"FR_9_53_1207","FR",9,53,1207,"Conference","Scenario 1",31
"FR_9_53_1208","FR",9,53,1208,"Conference","Scenario 1",20
"FR_9_53_1209","FR",9,53,1209,"Conference","Scenario 1",25
"FR_9_53_1210","FR",9,53,1210,"Conference","Scenario 1",59
"FR_9_53_1211","FR",9,53,1211,"Conference","Scenario 1",74
"FR_9_53_1212","FR",9,53,1212,"Conference","Scenario 1",82
"FR_9_53_1213","FR",9,53,1213,"Conference","Scenario 1",18
"FR_9_53_1214","FR",9,53,1214,"Conference","Scenario 1",31
"FR_9_53_1215","FR",9,53,1215,"Conference","Scenario 1",41
"FR_9_53_1216","FR",9,53,1216,"Conference","Scenario 1",37
"FR_9_53_1217","FR",9,53,1217,"Conference","Scenario 1",14
"FR_9_53_1218","FR",9,53,1218,"Conference","Scenario 1",8
"FR_9_53_1219","FR",9,53,1219,"Conference","Scenario 1",75
"FR_9_53_1220","FR",9,53,1220,"Conference","Scenario 1",12
"FR_9_53_1221","FR",9,53,1221,"Conference","Scenario 1",60
"FR_9_53_1222","FR",9,53,1222,"Conference","Scenario 1",33
"FR_9_53_1223","FR",9,53,1223,"Conference","Scenario 1",76
"FR_9_54_1224","FR",9,54,1224,"Doyenne","Scenario 1",37
"FR_9_54_1225","FR",9,54,1225,"Doyenne","Scenario 1",56
"FR_9_54_1226","FR",9,54,1226,"Doyenne","Scenario 1",56
"FR_9_54_1227","FR",9,54,1227,"Doyenne","Scenario 1",25
"FR_9_54_1228","FR",9,54,1228,"Doyenne","Scenario 1",52
"FR_9_54_1229","FR",9,54,1229,"Doyenne","Scenario 1",67
"FR_9_54_1230","FR",9,54,1230,"Doyenne","Scenario 1",53
"FR_9_54_1231","FR",9,54,1231,"Doyenne","Scenario 1",24
"FR_9_54_1232","FR",9,54,1232,"Doyenne","Scenario 1",65
"FR_9_54_1233","FR",9,54,1233,"Doyenne","Scenario 1",19
"FR_9_54_1234","FR",9,54,1234,"Doyenne","Scenario 1",66
"FR_9_54_1235","FR",9,54,1235,"Doyenne","Scenario 1",73
"FR_9_54_1236","FR",9,54,1236,"Doyenne","Scenario 1",73
"FR_9_54_1237","FR",9,54,1237,"Doyenne","Scenario 1",59
"FR_10_55_1238","FR",10,55,1238,"Conference","Scenario 2",92
"FR_10_55_1239","FR",10,55,1239,"Conference","Scenario 2",41
"FR_10_55_1240","FR",10,55,1240,"Conference","Scenario 2",83
"FR_10_55_1241","FR",10,55,1241,"Conference","Scenario 2",79
"FR_10_55_1242","FR",10,55,1242,"Conference","Scenario 2",53
"FR_10_55_1243","FR",10,55,1243,"Conference","Scenario 2",46
"FR_10_55_1244","FR",10,55,1244,"Conference","Scenario 2",28
"FR_10_55_1245","FR",10,55,1245,"Conference","Scenario 2",62
"FR_10_55_1246","FR",10,55,1246,"Conference","Scenario 2",73
"FR_10_55_1247","FR",10,55,1247,"Conference","Scenario 2",48
"FR_10_55_1248","FR",10,55,1248,"Conference","Scenario 2",61
"FR_10_55_1249","FR",10,55,1249,"Conference","Scenario 2",97
"FR_10_55_1250","FR",10,55,1250,"Conference","Scenario 2",58
"FR_10_55_1251","FR",10,55,1251,"Conference","Scenario 2",96
"FR_10_55_1252","FR",10,55,1252,"Conference","Scenario 2",63
"FR_10_55_1253","FR",10,55,1253,"Conference","Scenario 2",36
"FR_10_55_1254","FR",10,55,1254,"Conference","Scenario 2",0
"FR_10_56_1255","FR",10,56,1255,"Doyenne","Scenario 2",95
"FR_10_56_1256","FR",10,56,1256,"Doyenne","Scenario 2",64
"FR_10_56_1257","FR",10,56,1257,"Doyenne","Scenario 2",25
"FR_10_56_1258","FR",10,56,1258,"Doyenne","Scenario 2",31
"FR_10_56_1259","FR",10,56,1259,"Doyenne","Scenario 2",66
"FR_10_56_1260","FR",10,56,1260,"Doyenne","Scenario 2",45
"FR_10_56_1261","FR",10,56,1261,"Doyenne","Scenario 2",57
"FR_10_56_1262","FR",10,56,1262,"Doyenne","Scenario 2",71
"FR_10_56_1263","FR",10,56,1263,"Doyenne","Scenario 2",60
"FR_10_56_1264","FR",10,56,1264,"Doyenne","Scenario 2",89
"FR_10_56_1265","FR",10,56,1265,"Doyenne","Scenario 2",82
"FR_10_56_1266","FR",10,56,1266,"Doyenne","Scenario 2",43
"FR_10_56_1267","FR",10,56,1267,"Doyenne","Scenario 2",99
"FR_10_56_1268","FR",10,56,1268,"Doyenne","Scenario 2",63
"FR_10_56_1269","FR",10,56,1269,"Doyenne","Scenario 2",76
"FR_10_56_1270","FR",10,56,1270,"Doyenne","Scenario 2",56
"FR_10_56_1271","FR",10,56,1271,"Doyenne","Scenario 2",55
"FR_10_56_1272","FR",10,56,1272,"Doyenne","Scenario 2",79
"FR_10_56_1273","FR",10,56,1273,"Doyenne","Scenario 2",46
"FR_10_56_1274","FR",10,56,1274,"Doyenne","Scenario 2",38
"FR_10_56_1275","FR",10,56,1275,"Doyenne","Scenario 2",62
"FR_10_57_1276","FR",10,57,1276,"Conference","Scenario 2",65
"FR_10_57_1277","FR",10,57,1277,"Conference","Scenario 2",76
"FR_10_57_1278","FR",10,57,1278,"Conference","Scenario 2",95
"FR_10_57_1279","FR",10,57,1279,"Conference","Scenario 2",56
"FR_10_57_1280","FR",10,57,1280,"Conference","Scenario 2",29
"FR_10_57_1281","FR",10,57,1281,"Conference","Scenario 2",58
"FR_10_57_1282","FR",10,57,1282,"Conference","Scenario 2",61
"FR_10_57_1283","FR",10,57,1283,"Conference","Scenario 2",62
"FR_10_57_1284","FR",10,57,1284,"Conference","Scenario 2",51
"FR_10_57_1285","FR",10,57,1285,"Conference","Scenario 2",99
"FR_10_57_1286","FR",10,57,1286,"Conference","Scenario 2",73
"FR_10_57_1287","FR",10,57,1287,"Conference","Scenario 2",54
"FR_10_57_1288","FR",10,57,1288,"Conference","Scenario 2",49
"FR_10_57_1289","FR",10,57,1289,"Conference","Scenario 2",21
"FR_10_57_1290","FR",10,57,1290,"Conference","Scenario 2",46
"FR_10_57_1291","FR",10,57,1291,"Conference","Scenario 2",57
"FR_10_57_1292","FR",10,57,1292,"Conference","Scenario 2",32
"FR_10_57_1293","FR",10,57,1293,"Conference","Scenario 2",59
"FR_10_57_1294","FR",10,57,1294,"Conference","Scenario 2",72
"FR_10_57_1295","FR",10,57,1295,"Conference","Scenario 2",67
"FR_10_57_1296","FR",10,57,1296,"Conference","Scenario 2",27
"FR_10_57_1297","FR",10,57,1297,"Conference","Scenario 2",37
"FR_10_57_1298","FR",10,57,1298,"Conference","Scenario 2",78
"FR_10_57_1299","FR",10,57,1299,"Conference","Scenario 2",71
"FR_10_57_1300","FR",10,57,1300,"Conference","Scenario 2",82
"FR_10_58_1301","FR",10,58,1301,"Doyenne","Scenario 2",44
"FR_10_58_1302","FR",10,58,1302,"Doyenne","Scenario 2",42
"FR_10_58_1303","FR",10,58,1303,"Doyenne","Scenario 2",76
"FR_10_58_1304","FR",10,58,1304,"Doyenne","Scenario 2",31
"FR_10_58_1305","FR",10,58,1305,"Doyenne","Scenario 2",65
"FR_10_58_1306","FR",10,58,1306,"Doyenne","Scenario 2",49
"FR_10_58_1307","FR",10,58,1307,"Doyenne","Scenario 2",54
"FR_10_58_1308","FR",10,58,1308,"Doyenne","Scenario 2",96
"FR_10_58_1309","FR",10,58,1309,"Doyenne","Scenario 2",87
"FR_10_58_1310","FR",10,58,1310,"Doyenne","Scenario 2",72
"FR_10_58_1311","FR",10,58,1311,"Doyenne","Scenario 2",51
"FR_10_58_1312","FR",10,58,1312,"Doyenne","Scenario 2",61
"FR_10_58_1313","FR",10,58,1313,"Doyenne","Scenario 2",59
"FR_10_58_1314","FR",10,58,1314,"Doyenne","Scenario 2",32
"FR_10_58_1315","FR",10,58,1315,"Doyenne","Scenario 2",68
"FR_10_58_1316","FR",10,58,1316,"Doyenne","Scenario 2",35
"FR_10_58_1317","FR",10,58,1317,"Doyenne","Scenario 2",22
"FR_10_58_1318","FR",10,58,1318,"Doyenne","Scenario 2",49
"FR_10_58_1319","FR",10,58,1319,"Doyenne","Scenario 2",45
"FR_10_58_1320","FR",10,58,1320,"Doyenne","Scenario 2",72
"FR_10_58_1321","FR",10,58,1321,"Doyenne","Scenario 2",50
"FR_10_58_1322","FR",10,58,1322,"Doyenne","Scenario 2",92
"FR_10_58_1323","FR",10,58,1323,"Doyenne","Scenario 2",47
"FR_10_59_1324","FR",10,59,1324,"Conference","Scenario 2",93
"FR_10_59_1325","FR",10,59,1325,"Conference","Scenario 2",42
"FR_10_59_1326","FR",10,59,1326,"Conference","Scenario 2",100
"FR_10_59_1327","FR",10,59,1327,"Conference","Scenario 2",46
"FR_10_59_1328","FR",10,59,1328,"Conference","Scenario 2",0
"FR_10_59_1329","FR",10,59,1329,"Conference","Scenario 2",77
"FR_10_59_1330","FR",10,59,1330,"Conference","Scenario 2",94
"FR_10_59_1331","FR",10,59,1331,"Conference","Scenario 2",28
"FR_10_59_1332","FR",10,59,1332,"Conference","Scenario 2",53
"FR_10_59_1333","FR",10,59,1333,"Conference","Scenario 2",69
"FR_10_59_1334","FR",10,59,1334,"Conference","Scenario 2",12
"FR_10_59_1335","FR",10,59,1335,"Conference","Scenario 2",65
"FR_10_59_1336","FR",10,59,1336,"Conference","Scenario 2",23
"FR_10_59_1337","FR",10,59,1337,"Conference","Scenario 2",100
"FR_10_59_1338","FR",10,59,1338,"Conference","Scenario 2",68
"FR_10_59_1339","FR",10,59,1339,"Conference","Scenario 2",26
"FR_10_59_1340","FR",10,59,1340,"Conference","Scenario 2",35
"FR_10_59_1341","FR",10,59,1341,"Conference","Scenario 2",55
"FR_10_59_1342","FR",10,59,1342,"Conference","Scenario 2",61
"FR_10_59_1343","FR",10,59,1343,"Conference","Scenario 2",73
"FR_10_59_1344","FR",10,59,1344,"Conference","Scenario 2",100
"FR_10_60_1345","FR",10,60,1345,"Doyenne","Scenario 2",63
"FR_10_60_1346","FR",10,60,1346,"Doyenne","Scenario 2",7
"FR_10_60_1347","FR",10,60,1347,"Doyenne","Scenario 2",64
"FR_10_60_1348","FR",10,60,1348,"Doyenne","Scenario 2",75
"FR_10_60_1349","FR",10,60,1349,"Doyenne","Scenario 2",70
"FR_10_60_1350","FR",10,60,1350,"Doyenne","Scenario 2",47
"FR_10_60_1351","FR",10,60,1351,"Doyenne","Scenario 2",78
"FR_10_60_1352","FR",10,60,1352,"Doyenne","Scenario 2",72
"FR_10_60_1353","FR",10,60,1353,"Doyenne","Scenario 2",9
"FR_10_60_1354","FR",10,60,1354,"Doyenne","Scenario 2",75
"FR_10_60_1355","FR",10,60,1355,"Doyenne","Scenario 2",91
"FR_10_60_1356","FR",10,60,1356,"Doyenne","Scenario 2",4
"FR_10_60_1357","FR",10,60,1357,"Doyenne","Scenario 2",64
"FR_10_60_1358","FR",10,60,1358,"Doyenne","Scenario 2",46
"FR_10_60_1359","FR",10,60,1359,"Doyenne","Scenario 2",16
"FR_10_60_1360","FR",10,60,1360,"Doyenne","Scenario 2",37
"FR_10_60_1361","FR",10,60,1361,"Doyenne","Scenario 2",14
"FR_10_60_1362","FR",10,60,1362,"Doyenne","Scenario 2",35
"FR_10_60_1363","FR",10,60,1363,"Doyenne","Scenario 2",44
"FR_10_60_1364","FR",10,60,1364,"Doyenne","Scenario 2",59
"FR_10_60_1365","FR",10,60,1365,"Doyenne","Scenario 2",55
"FR_11_61_1366","FR",11,61,1366,"Conference","Scenario 3",43
"FR_11_61_1367","FR",11,61,1367,"Conference","Scenario 3",28
"FR_11_61_1368","FR",11,61,1368,"Conference","Scenario 3",79
"FR_11_61_1369","FR",11,61,1369,"Conference","Scenario 3",53
"FR_11_61_1370","FR",11,61,1370,"Conference","Scenario 3",23
"FR_11_61_1371","FR",11,61,1371,"Conference","Scenario 3",91
"FR_11_61_1372","FR",11,61,1372,"Conference","Scenario 3",60
"FR_11_61_1373","FR",11,61,1373,"Conference","Scenario 3",55
"FR_11_61_1374","FR",11,61,1374,"Conference","Scenario 3",22
"FR_11_61_1375","FR",11,61,1375,"Conference","Scenario 3",43
"FR_11_61_1376","FR",11,61,1376,"Conference","Scenario 3",61
"FR_11_61_1377","FR",11,61,1377,"Conference","Scenario 3",51
"FR_11_61_1378","FR",11,61,1378,"Conference","Scenario 3",77
"FR_11_62_1379","FR",11,62,1379,"Doyenne","Scenario 3",69
"FR_11_62_1380","FR",11,62,1380,"Doyenne","Scenario 3",41
"FR_11_62_1381","FR",11,62,1381,"Doyenne","Scenario 3",53
"FR_11_62_1382","FR",11,62,1382,"Doyenne","Scenario 3",55
"FR_11_62_1383","FR",11,62,1383,"Doyenne","Scenario 3",95
"FR_11_62_1384","FR",11,62,1384,"Doyenne","Scenario 3",36
"FR_11_62_1385","FR",11,62,1385,"Doyenne","Scenario 3",43
"FR_11_62_1386","FR",11,62,1386,"Doyenne","Scenario 3",63
"FR_11_62_1387","FR",11,62,1387,"Doyenne","Scenario 3",59
"FR_11_62_1388","FR",11,62,1388,"Doyenne","Scenario 3",32
"FR_11_62_1389","FR",11,62,1389,"Doyenne","Scenario 3",31
"FR_11_62_1390","FR",11,62,1390,"Doyenne","Scenario 3",100
"FR_11_62_1391","FR",11,62,1391,"Doyenne","Scenario 3",100
"FR_11_62_1392","FR",11,62,1392,"Doyenne","Scenario 3",81
"FR_11_62_1393","FR",11,62,1393,"Doyenne","Scenario 3",75
"FR_11_62_1394","FR",11,62,1394,"Doyenne","Scenario 3",77
"FR_11_63_1395","FR",11,63,1395,"Conference","Scenario 3",76
"FR_11_63_1396","FR",11,63,1396,"Conference","Scenario 3",26
"FR_11_63_1397","FR",11,63,1397,"Conference","Scenario 3",50
"FR_11_63_1398","FR",11,63,1398,"Conference","Scenario 3",80
"FR_11_63_1399","FR",11,63,1399,"Conference","Scenario 3",46
"FR_11_63_1400","FR",11,63,1400,"Conference","Scenario 3",68
"FR_11_63_1401","FR",11,63,1401,"Conference","Scenario 3",35
"FR_11_63_1402","FR",11,63,1402,"Conference","Scenario 3",69
"FR_11_63_1403","FR",11,63,1403,"Conference","Scenario 3",51
"FR_11_63_1404","FR",11,63,1404,"Conference","Scenario 3",57
"FR_11_63_1405","FR",11,63,1405,"Conference","Scenario 3",64
"FR_11_63_1406","FR",11,63,1406,"Conference","Scenario 3",44
"FR_11_63_1407","FR",11,63,1407,"Conference","Scenario 3",32
"FR_11_63_1408","FR",11,63,1408,"Conference","Scenario 3",51
"FR_11_63_1409","FR",11,63,1409,"Conference","Scenario 3",31
"FR_11_63_1410","FR",11,63,1410,"Conference","Scenario 3",19
"FR_11_63_1411","FR",11,63,1411,"Conference","Scenario 3",51
"FR_11_63_1412","FR",11,63,1412,"Conference","Scenario 3",48
"FR_11_64_1413","FR",11,64,1413,"Doyenne","Scenario 3",50
"FR_11_64_1414","FR",11,64,1414,"Doyenne","Scenario 3",71
"FR_11_64_1415","FR",11,64,1415,"Doyenne","Scenario 3",45
"FR_11_64_1416","FR",11,64,1416,"Doyenne","Scenario 3",49
"FR_11_64_1417","FR",11,64,1417,"Doyenne","Scenario 3",17
"FR_11_64_1418","FR",11,64,1418,"Doyenne","Scenario 3",38
"FR_11_64_1419","FR",11,64,1419,"Doyenne","Scenario 3",58
"FR_11_64_1420","FR",11,64,1420,"Doyenne","Scenario 3",50
"FR_11_64_1421","FR",11,64,1421,"Doyenne","Scenario 3",24
"FR_11_64_1422","FR",11,64,1422,"Doyenne","Scenario 3",50
"FR_11_64_1423","FR",11,64,1423,"Doyenne","Scenario 3",22
"FR_11_64_1424","FR",11,64,1424,"Doyenne","Scenario 3",37
"FR_11_64_1425","FR",11,64,1425,"Doyenne","Scenario 3",93
"FR_11_64_1426","FR",11,64,1426,"Doyenne","Scenario 3",48
"FR_11_64_1427","FR",11,64,1427,"Doyenne","Scenario 3",36
"FR_11_65_1428","FR",11,65,1428,"Conference","Scenario 3",100
"FR_11_65_1429","FR",11,65,1429,"Conference","Scenario 3",89
"FR_11_65_1430","FR",11,65,1430,"Conference","Scenario 3",61
"FR_11_65_1431","FR",11,65,1431,"Conference","Scenario 3",70
"FR_11_65_1432","FR",11,65,1432,"Conference","Scenario 3",67
"FR_11_65_1433","FR",11,65,1433,"Conference","Scenario 3",75
"FR_11_65_1434","FR",11,65,1434,"Conference","Scenario 3",100
"FR_11_65_1435","FR",11,65,1435,"Conference","Scenario 3",34
"FR_11_65_1436","FR",11,65,1436,"Conference","Scenario 3",58
"FR_11_65_1437","FR",11,65,1437,"Conference","Scenario 3",67
"FR_11_65_1438","FR",11,65,1438,"Conference","Scenario 3",72
"FR_11_65_1439","FR",11,65,1439,"Conference","Scenario 3",36
"FR_11_65_1440","FR",11,65,1440,"Conference","Scenario 3",43
"FR_11_65_1441","FR",11,65,1441,"Conference","Scenario 3",63
"FR_11_65_1442","FR",11,65,1442,"Conference","Scenario 3",92
"FR_11_65_1443","FR",11,65,1443,"Conference","Scenario 3",81
"FR_11_66_1444","FR",11,66,1444,"Doyenne","Scenario 3",47
"FR_11_66_1445","FR",11,66,1445,"Doyenne","Scenario 3",80
"FR_11_66_1446","FR",11,66,1446,"Doyenne","Scenario 3",86
"FR_11_66_1447","FR",11,66,1447,"Doyenne","Scenario 3",42
"FR_11_66_1448","FR",11,66,1448,"Doyenne","Scenario 3",47
"FR_11_66_1449","FR",11,66,1449,"Doyenne","Scenario 3",63
"FR_11_66_1450","FR",11,66,1450,"Doyenne","Scenario 3",48
"FR_11_66_1451","FR",11,66,1451,"Doyenne","Scenario 3",19
"FR_11_66_1452","FR",11,66,1452,"Doyenne","Scenario 3",63
"FR_11_66_1453","FR",11,66,1453,"Doyenne","Scenario 3",66
"FR_11_66_1454","FR",11,66,1454,"Doyenne","Scenario 3",82
"FR_11_66_1455","FR",11,66,1455,"Doyenne","Scenario 3",28
"FR_11_66_1456","FR",11,66,1456,"Doyenne","Scenario 3",39
"FR_12_67_1457","FR",12,67,1457,"Conference","Scenario 4",44
"FR_12_67_1458","FR",12,67,1458,"Conference","Scenario 4",75
"FR_12_67_1459","FR",12,67,1459,"Conference","Scenario 4",57
"FR_12_67_1460","FR",12,67,1460,"Conference","Scenario 4",48
"FR_12_67_1461","FR",12,67,1461,"Conference","Scenario 4",73
"FR_12_67_1462","FR",12,67,1462,"Conference","Scenario 4",62
"FR_12_67_1463","FR",12,67,1463,"Conference","Scenario 4",46
"FR_12_67_1464","FR",12,67,1464,"Conference","Scenario 4",51
"FR_12_67_1465","FR",12,67,1465,"Conference","Scenario 4",73
"FR_12_67_1466","FR",12,67,1466,"Conference","Scenario 4",54
"FR_12_67_1467","FR",12,67,1467,"Conference","Scenario 4",21
"FR_12_67_1468","FR",12,67,1468,"Conference","Scenario 4",55
"FR_12_67_1469","FR",12,67,1469,"Conference","Scenario 4",17
"FR_12_67_1470","FR",12,67,1470,"Conference","Scenario 4",39
"FR_12_67_1471","FR",12,67,1471,"Conference","Scenario 4",38
"FR_12_67_1472","FR",12,67,1472,"Conference","Scenario 4",70
"FR_12_68_1473","FR",12,68,1473,"Doyenne","Scenario 4",16
"FR_12_68_1474","FR",12,68,1474,"Doyenne","Scenario 4",48
"FR_12_68_1475","FR",12,68,1475,"Doyenne","Scenario 4",22
"FR_12_68_1476","FR",12,68,1476,"Doyenne","Scenario 4",22
"FR_12_68_1477","FR",12,68,1477,"Doyenne","Scenario 4",35
"FR_12_68_1478","FR",12,68,1478,"Doyenne","Scenario 4",60
"FR_12_68_1479","FR",12,68,1479,"Doyenne","Scenario 4",26
"FR_12_68_1480","FR",12,68,1480,"Doyenne","Scenario 4",65
"FR_12_68_1481","FR",12,68,1481,"Doyenne","Scenario 4",54
"FR_12_68_1482","FR",12,68,1482,"Doyenne","Scenario 4",71
"FR_12_68_1483","FR",12,68,1483,"Doyenne","Scenario 4",68
"FR_12_68_1484","FR",12,68,1484,"Doyenne","Scenario 4",49
"FR_12_68_1485","FR",12,68,1485,"Doyenne","Scenario 4",0
"FR_12_68_1486","FR",12,68,1486,"Doyenne","Scenario 4",35
"FR_12_68_1487","FR",12,68,1487,"Doyenne","Scenario 4",17
"FR_12_68_1488","FR",12,68,1488,"Doyenne","Scenario 4",0
"FR_12_68_1489","FR",12,68,1489,"Doyenne","Scenario 4",80
"FR_12_69_1490","FR",12,69,1490,"Conference","Scenario 4",45
"FR_12_69_1491","FR",12,69,1491,"Conference","Scenario 4",100
"FR_12_69_1492","FR",12,69,1492,"Conference","Scenario 4",8
"FR_12_69_1493","FR",12,69,1493,"Conference","Scenario 4",62
"FR_12_69_1494","FR",12,69,1494,"Conference","Scenario 4",93
"FR_12_69_1495","FR",12,69,1495,"Conference","Scenario 4",60
"FR_12_69_1496","FR",12,69,1496,"Conference","Scenario 4",100
"FR_12_69_1497","FR",12,69,1497,"Conference","Scenario 4",31
"FR_12_69_1498","FR",12,69,1498,"Conference","Scenario 4",65
"FR_12_69_1499","FR",12,69,1499,"Conference","Scenario 4",27
"FR_12_69_1500","FR",12,69,1500,"Conference","Scenario 4",74
"FR_12_69_1501","FR",12,69,1501,"Conference","Scenario 4",53
"FR_12_69_1502","FR",12,69,1502,"Conference","Scenario 4",67
"FR_12_69_1503","FR",12,69,1503,"Conference","Scenario 4",45
"FR_12_69_1504","FR",12,69,1504,"Conference","Scenario 4",53
"FR_12_70_1505","FR",12,70,1505,"Doyenne","Scenario 4",19
"FR_12_70_1506","FR",12,70,1506,"Doyenne","Scenario 4",69
"FR_12_70_1507","FR",12,70,1507,"Doyenne","Scenario 4",48
"FR_12_70_1508","FR",12,70,1508,"Doyenne","Scenario 4",50
"FR_12_70_1509","FR",12,70,1509,"Doyenne","Scenario 4",48
"FR_12_70_1510","FR",12,70,1510,"Doyenne","Scenario 4",50
"FR_12_70_1511","FR",12,70,1511,"Doyenne","Scenario 4",16
"FR_12_70_1512","FR",12,70,1512,"Doyenne","Scenario 4",35
"FR_12_70_1513","FR",12,70,1513,"Doyenne","Scenario 4",54
"FR_12_70_1514","FR",12,70,1514,"Doyenne","Scenario 4",50
"FR_12_70_1515","FR",12,70,1515,"Doyenne","Scenario 4",55
"FR_12_70_1516","FR",12,70,1516,"Doyenne","Scenario 4",65
"FR_12_71_1517","FR",12,71,1517,"Conference","Scenario 4",60
"FR_12_71_1518","FR",12,71,1518,"Conference","Scenario 4",96
"FR_12_71_1519","FR",12,71,1519,"Conference","Scenario 4",43
"FR_12_71_1520","FR",12,71,1520,"Conference","Scenario 4",30
"FR_12_71_1521","FR",12,71,1521,"Conference","Scenario 4",52
"FR_12_71_1522","FR",12,71,1522,"Conference","Scenario 4",71
"FR_12_71_1523","FR",12,71,1523,"Conference","Scenario 4",75
"FR_12_71_1524","FR",12,71,1524,"Conference","Scenario 4",8
"FR_12_71_1525","FR",12,71,1525,"Conference","Scenario 4",20
"FR_12_71_1526","FR",12,71,1526,"Conference","Scenario 4",39
"FR_12_71_1527","FR",12,71,1527,"Conference","Scenario 4",57
"FR_12_71_1528","FR",12,71,1528,"Conference","Scenario 4",100
"FR_12_71_1529","FR",12,71,1529,"Conference","Scenario 4",45
"FR_12_71_1530","FR",12,71,1530,"Conference","Scenario 4",21
"FR_12_71_1531","FR",12,71,1531,"Conference","Scenario 4",45
"FR_12_71_1532","FR",12,71,1532,"Conference","Scenario 4",26
"FR_12_72_1533","FR",12,72,1533,"Doyenne","Scenario 4",47
"FR_12_72_1534","FR",12,72,1534,"Doyenne","Scenario 4",41
"FR_12_72_1535","FR",12,72,1535,"Doyenne","Scenario 4",54
"FR_12_72_1536","FR",12,72,1536,"Doyenne","Scenario 4",55
"FR_12_72_1537","FR",12,72,1537,"Doyenne","Scenario 4",78
"FR_12_72_1538","FR",12,72,1538,"Doyenne","Scenario 4",25
"FR_12_72_1539","FR",12,72,1539,"Doyenne","Scenario 4",47
"FR_12_72_1540","FR",12,72,1540,"Doyenne","Scenario 4",72
"FR_12_72_1541","FR",12,72,1541,"Doyenne","Scenario 4",62
"FR_12_72_1542","FR",12,72,1542,"Doyenne","Scenario 4",14
"FR_12_72_1543","FR",12,72,1543,"Doyenne","Scenario 4",23
"FR_13_73_1544","FR",13,73,1544,"Conference","Scenario 1",100
"FR_13_73_1545","FR",13,73,1545,"Conference","Scenario 1",66
"FR_13_73_1546","FR",13,73,1546,"Conference","Scenario 1",100
"FR_13_73_1547","FR",13,73,1547,"Conference","Scenario 1",61
"FR_13_73_1548","FR",13,73,1548,"Conference","Scenario 1",0
"FR_13_73_1549","FR",13,73,1549,"Conference","Scenario 1",64
"FR_13_73_1550","FR",13,73,1550,"Conference","Scenario 1",64
"FR_13_73_1551","FR",13,73,1551,"Conference","Scenario 1",62
"FR_13_73_1552","FR",13,73,1552,"Conference","Scenario 1",82
"FR_13_73_1553","FR",13,73,1553,"Conference","Scenario 1",81
"FR_13_73_1554","FR",13,73,1554,"Conference","Scenario 1",9
"FR_13_73_1555","FR",13,73,1555,"Conference","Scenario 1",59
"FR_13_73_1556","FR",13,73,1556,"Conference","Scenario 1",38
"FR_13_73_1557","FR",13,73,1557,"Conference","Scenario 1",24
"FR_13_74_1558","FR",13,74,1558,"Doyenne","Scenario 1",47
"FR_13_74_1559","FR",13,74,1559,"Doyenne","Scenario 1",47
"FR_13_74_1560","FR",13,74,1560,"Doyenne","Scenario 1",13
"FR_13_74_1561","FR",13,74,1561,"Doyenne","Scenario 1",39
"FR_13_74_1562","FR",13,74,1562,"Doyenne","Scenario 1",53
"FR_13_74_1563","FR",13,74,1563,"Doyenne","Scenario 1",55
"FR_13_74_1564","FR",13,74,1564,"Doyenne","Scenario 1",77
"FR_13_74_1565","FR",13,74,1565,"Doyenne","Scenario 1",68
"FR_13_74_1566","FR",13,74,1566,"Doyenne","Scenario 1",23
"FR_13_74_1567","FR",13,74,1567,"Doyenne","Scenario 1",98
"FR_13_74_1568","FR",13,74,1568,"Doyenne","Scenario 1",46
"FR_13_74_1569","FR",13,74,1569,"Doyenne","Scenario 1",60
"FR_13_74_1570","FR",13,74,1570,"Doyenne","Scenario 1",72
"FR_13_74_1571","FR",13,74,1571,"Doyenne","Scenario 1",79
"FR_13_75_1572","FR",13,75,1572,"Conference","Scenario 1",33
"FR_13_75_1573","FR",13,75,1573,"Conference","Scenario 1",25
"FR_13_75_1574","FR",13,75,1574,"Conference","Scenario 1",65
"FR_13_75_1575","FR",13,75,1575,"Conference","Scenario 1",0
"FR_13_75_1576","FR",13,75,1576,"Conference","Scenario 1",51
"FR_13_75_1577","FR",13,75,1577,"Conference","Scenario 1",25
"FR_13_75_1578","FR",13,75,1578,"Conference","Scenario 1",49
"FR_13_75_1579","FR",13,75,1579,"Conference","Scenario 1",0
"FR_13_75_1580","FR",13,75,1580,"Conference","Scenario 1",65
"FR_13_75_1581","FR",13,75,1581,"Conference","Scenario 1",56
"FR_13_75_1582","FR",13,75,1582,"Conference","Scenario 1",73
"FR_13_75_1583","FR",13,75,1583,"Conference","Scenario 1",31
"FR_13_75_1584","FR",13,75,1584,"Conference","Scenario 1",6
"FR_13_76_1585","FR",13,76,1585,"Doyenne","Scenario 1",17
"FR_13_76_1586","FR",13,76,1586,"Doyenne","Scenario 1",59
"FR_13_76_1587","FR",13,76,1587,"Doyenne","Scenario 1",82
"FR_13_76_1588","FR",13,76,1588,"Doyenne","Scenario 1",32
"FR_13_76_1589","FR",13,76,1589,"Doyenne","Scenario 1",41
"FR_13_76_1590","FR",13,76,1590,"Doyenne","Scenario 1",56
"FR_13_76_1591","FR",13,76,1591,"Doyenne","Scenario 1",35
"FR_13_76_1592","FR",13,76,1592,"Doyenne","Scenario 1",48
"FR_13_76_1593","FR",13,76,1593,"Doyenne","Scenario 1",3
"FR_13_76_1594","FR",13,76,1594,"Doyenne","Scenario 1",71
"FR_13_76_1595","FR",13,76,1595,"Doyenne","Scenario 1",59
"FR_13_76_1596","FR",13,76,1596,"Doyenne","Scenario 1",48
"FR_13_76_1597","FR",13,76,1597,"Doyenne","Scenario 1",38
"FR_13_76_1598","FR",13,76,1598,"Doyenne","Scenario 1",41
"FR_13_76_1599","FR",13,76,1599,"Doyenne","Scenario 1",60
"FR_13_77_1600","FR",13,77,1600,"Conference","Scenario 1",14
"FR_13_77_1601","FR",13,77,1601,"Conference","Scenario 1",60
"FR_13_77_1602","FR",13,77,1602,"Conference","Scenario 1",56
"FR_13_77_1603","FR",13,77,1603,"Conference","Scenario 1",65
"FR_13_77_1604","FR",13,77,1604,"Conference","Scenario 1",8
"FR_13_77_1605","FR",13,77,1605,"Conference","Scenario 1",21
"FR_13_77_1606","FR",13,77,1606,"Conference","Scenario 1",82
"FR_13_77_1607","FR",13,77,1607,"Conference","Scenario 1",60
"FR_13_77_1608","FR",13,77,1608,"Conference","Scenario 1",49
"FR_13_77_1609","FR",13,77,1609,"Conference","Scenario 1",49
"FR_13_77_1610","FR",13,77,1610,"Conference","Scenario 1",69
"FR_13_77_1611","FR",13,77,1611,"Conference","Scenario 1",100
"FR_13_77_1612","FR",13,77,1612,"Conference","Scenario 1",20
"FR_13_77_1613","FR",13,77,1613,"Conference","Scenario 1",94
"FR_13_78_1614","FR",13,78,1614,"Doyenne","Scenario 1",73
"FR_13_78_1615","FR",13,78,1615,"Doyenne","Scenario 1",41
"FR_13_78_1616","FR",13,78,1616,"Doyenne","Scenario 1",52
"FR_13_78_1617","FR",13,78,1617,"Doyenne","Scenario 1",50
"FR_13_78_1618","FR",13,78,1618,"Doyenne","Scenario 1",51
"FR_13_78_1619","FR",13,78,1619,"Doyenne","Scenario 1",4
"FR_13_78_1620","FR",13,78,1620,"Doyenne","Scenario 1",18
"FR_13_78_1621","FR",13,78,1621,"Doyenne","Scenario 1",43
"FR_13_78_1622","FR",13,78,1622,"Doyenne","Scenario 1",57
"FR_13_78_1623","FR",13,78,1623,"Doyenne","Scenario 1",43
"FR_13_78_1624","FR",13,78,1624,"Doyenne","Scenario 1",11
"FR_13_78_1625","FR",13,78,1625,"Doyenne","Scenario 1",86
"FR_13_78_1626","FR",13,78,1626,"Doyenne","Scenario 1",0
"FR_13_78_1627","FR",13,78,1627,"Doyenne","Scenario 1",27
"FR_14_79_1628","FR",14,79,1628,"Conference","Scenario 2",29
"FR_14_79_1629","FR",14,79,1629,"Conference","Scenario 2",96
"FR_14_79_1630","FR",14,79,1630,"Conference","Scenario 2",45
"FR_14_79_1631","FR",14,79,1631,"Conference","Scenario 2",49
"FR_14_79_1632","FR",14,79,1632,"Conference","Scenario 2",75
"FR_14_79_1633","FR",14,79,1633,"Conference","Scenario 2",58
"FR_14_79_1634","FR",14,79,1634,"Conference","Scenario 2",57
"FR_14_79_1635","FR",14,79,1635,"Conference","Scenario 2",100
"FR_14_79_1636","FR",14,79,1636,"Conference","Scenario 2",100
"FR_14_79_1637","FR",14,79,1637,"Conference","Scenario 2",56
"FR_14_79_1638","FR",14,79,1638,"Conference","Scenario 2",79
"FR_14_79_1639","FR",14,79,1639,"Conference","Scenario 2",90
"FR_14_79_1640","FR",14,79,1640,"Conference","Scenario 2",54
"FR_14_79_1641","FR",14,79,1641,"Conference","Scenario 2",100
"FR_14_79_1642","FR",14,79,1642,"Conference","Scenario 2",88
"FR_14_79_1643","FR",14,79,1643,"Conference","Scenario 2",61
"FR_14_79_1644","FR",14,79,1644,"Conference","Scenario 2",8
"FR_14_79_1645","FR",14,79,1645,"Conference","Scenario 2",49
"FR_14_79_1646","FR",14,79,1646,"Conference","Scenario 2",48
"FR_14_79_1647","FR",14,79,1647,"Conference","Scenario 2",46
"FR_14_79_1648","FR",14,79,1648,"Conference","Scenario 2",64
"FR_14_79_1649","FR",14,79,1649,"Conference","Scenario 2",83
"FR_14_79_1650","FR",14,79,1650,"Conference","Scenario 2",15
"FR_14_79_1651","FR",14,79,1651,"Conference","Scenario 2",96
"FR_14_79_1652","FR",14,79,1652,"Conference","Scenario 2",76
"FR_14_79_1653","FR",14,79,1653,"Conference","Scenario 2",6
"FR_14_79_1654","FR",14,79,1654,"Conference","Scenario 2",85
"FR_14_79_1655","FR",14,79,1655,"Conference","Scenario 2",44
"FR_14_79_1656","FR",14,79,1656,"Conference","Scenario 2",81
"FR_14_80_1657","FR",14,80,1657,"Doyenne","Scenario 2",19
"FR_14_80_1658","FR",14,80,1658,"Doyenne","Scenario 2",69
"FR_14_80_1659","FR",14,80,1659,"Doyenne","Scenario 2",100
"FR_14_80_1660","FR",14,80,1660,"Doyenne","Scenario 2",28
"FR_14_80_1661","FR",14,80,1661,"Doyenne","Scenario 2",43
"FR_14_80_1662","FR",14,80,1662,"Doyenne","Scenario 2",10
"FR_14_80_1663","FR",14,80,1663,"Doyenne","Scenario 2",90
"FR_14_80_1664","FR",14,80,1664,"Doyenne","Scenario 2",83
"FR_14_80_1665","FR",14,80,1665,"Doyenne","Scenario 2",51
"FR_14_80_1666","FR",14,80,1666,"Doyenne","Scenario 2",53
"FR_14_80_1667","FR",14,80,1667,"Doyenne","Scenario 2",52
"FR_14_80_1668","FR",14,80,1668,"Doyenne","Scenario 2",85
"FR_14_80_1669","FR",14,80,1669,"Doyenne","Scenario 2",79
"FR_14_80_1670","FR",14,80,1670,"Doyenne","Scenario 2",80
"FR_14_80_1671","FR",14,80,1671,"Doyenne","Scenario 2",70
"FR_14_80_1672","FR",14,80,1672,"Doyenne","Scenario 2",38
"FR_14_80_1673","FR",14,80,1673,"Doyenne","Scenario 2",34
"FR_14_80_1674","FR",14,80,1674,"Doyenne","Scenario 2",94
"FR_14_80_1675","FR",14,80,1675,"Doyenne","Scenario 2",20
"FR_14_80_1676","FR",14,80,1676,"Doyenne","Scenario 2",52
"FR_14_81_1677","FR",14,81,1677,"Conference","Scenario 2",72
"FR_14_81_1678","FR",14,81,1678,"Conference","Scenario 2",45
"FR_14_81_1679","FR",14,81,1679,"Conference","Scenario 2",67
"FR_14_81_1680","FR",14,81,1680,"Conference","Scenario 2",64
"FR_14_81_1681","FR",14,81,1681,"Conference","Scenario 2",84
"FR_14_81_1682","FR",14,81,1682,"Conference","Scenario 2",100
"FR_14_81_1683","FR",14,81,1683,"Conference","Scenario 2",22
"FR_14_81_1684","FR",14,81,1684,"Conference","Scenario 2",70
"FR_14_81_1685","FR",14,81,1685,"Conference","Scenario 2",23
"FR_14_81_1686","FR",14,81,1686,"Conference","Scenario 2",91
"FR_14_81_1687","FR",14,81,1687,"Conference","Scenario 2",100
"FR_14_81_1688","FR",14,81,1688,"Conference","Scenario 2",20
"FR_14_81_1689","FR",14,81,1689,"Conference","Scenario 2",85
"FR_14_81_1690","FR",14,81,1690,"Conference","Scenario 2",55
"FR_14_81_1691","FR",14,81,1691,"Conference","Scenario 2",11
"FR_14_81_1692","FR",14,81,1692,"Conference","Scenario 2",100
"FR_14_81_1693","FR",14,81,1693,"Conference","Scenario 2",62
"FR_14_81_1694","FR",14,81,1694,"Conference","Scenario 2",55
"FR_14_81_1695","FR",14,81,1695,"Conference","Scenario 2",70
"FR_14_81_1696","FR",14,81,1696,"Conference","Scenario 2",67
"FR_14_81_1697","FR",14,81,1697,"Conference","Scenario 2",51
"FR_14_81_1698","FR",14,81,1698,"Conference","Scenario 2",100
"FR_14_81_1699","FR",14,81,1699,"Conference","Scenario 2",59
"FR_14_82_1700","FR",14,82,1700,"Doyenne","Scenario 2",31
"FR_14_82_1701","FR",14,82,1701,"Doyenne","Scenario 2",82
"FR_14_82_1702","FR",14,82,1702,"Doyenne","Scenario 2",53
"FR_14_82_1703","FR",14,82,1703,"Doyenne","Scenario 2",64
"FR_14_82_1704","FR",14,82,1704,"Doyenne","Scenario 2",80
"FR_14_82_1705","FR",14,82,1705,"Doyenne","Scenario 2",53
"FR_14_82_1706","FR",14,82,1706,"Doyenne","Scenario 2",37
"FR_14_82_1707","FR",14,82,1707,"Doyenne","Scenario 2",45
"FR_14_82_1708","FR",14,82,1708,"Doyenne","Scenario 2",36
"FR_14_82_1709","FR",14,82,1709,"Doyenne","Scenario 2",65
"FR_14_82_1710","FR",14,82,1710,"Doyenne","Scenario 2",100
"FR_14_82_1711","FR",14,82,1711,"Doyenne","Scenario 2",100
"FR_14_82_1712","FR",14,82,1712,"Doyenne","Scenario 2",86
"FR_14_82_1713","FR",14,82,1713,"Doyenne","Scenario 2",58
"FR_14_82_1714","FR",14,82,1714,"Doyenne","Scenario 2",35
"FR_14_82_1715","FR",14,82,1715,"Doyenne","Scenario 2",66
"FR_14_82_1716","FR",14,82,1716,"Doyenne","Scenario 2",31
"FR_14_82_1717","FR",14,82,1717,"Doyenne","Scenario 2",72
"FR_14_82_1718","FR",14,82,1718,"Doyenne","Scenario 2",68
"FR_14_83_1719","FR",14,83,1719,"Conference","Scenario 2",85
"FR_14_83_1720","FR",14,83,1720,"Conference","Scenario 2",73
"FR_14_83_1721","FR",14,83,1721,"Conference","Scenario 2",64
"FR_14_83_1722","FR",14,83,1722,"Conference","Scenario 2",30
"FR_14_83_1723","FR",14,83,1723,"Conference","Scenario 2",95
"FR_14_83_1724","FR",14,83,1724,"Conference","Scenario 2",45
"FR_14_83_1725","FR",14,83,1725,"Conference","Scenario 2",63
"FR_14_83_1726","FR",14,83,1726,"Conference","Scenario 2",40
"FR_14_83_1727","FR",14,83,1727,"Conference","Scenario 2",56
"FR_14_83_1728","FR",14,83,1728,"Conference","Scenario 2",94
"FR_14_83_1729","FR",14,83,1729,"Conference","Scenario 2",100
"FR_14_83_1730","FR",14,83,1730,"Conference","Scenario 2",55
"FR_14_83_1731","FR",14,83,1731,"Conference","Scenario 2",62
"FR_14_83_1732","FR",14,83,1732,"Conference","Scenario 2",95
"FR_14_83_1733","FR",14,83,1733,"Conference","Scenario 2",76
"FR_14_83_1734","FR",14,83,1734,"Conference","Scenario 2",52
"FR_14_83_1735","FR",14,83,1735,"Conference","Scenario 2",60
"FR_14_83_1736","FR",14,83,1736,"Conference","Scenario 2",62
"FR_14_84_1737","FR",14,84,1737,"Doyenne","Scenario 2",48
"FR_14_84_1738","FR",14,84,1738,"Doyenne","Scenario 2",53
"FR_14_84_1739","FR",14,84,1739,"Doyenne","Scenario 2",62
"FR_14_84_1740","FR",14,84,1740,"Doyenne","Scenario 2",44
"FR_14_84_1741","FR",14,84,1741,"Doyenne","Scenario 2",55
"FR_14_84_1742","FR",14,84,1742,"Doyenne","Scenario 2",75
"FR_14_84_1743","FR",14,84,1743,"Doyenne","Scenario 2",87
"FR_14_84_1744","FR",14,84,1744,"Doyenne","Scenario 2",68
"FR_14_84_1745","FR",14,84,1745,"Doyenne","Scenario 2",83
"FR_14_84_1746","FR",14,84,1746,"Doyenne","Scenario 2",93
"FR_14_84_1747","FR",14,84,1747,"Doyenne","Scenario 2",100
"FR_14_84_1748","FR",14,84,1748,"Doyenne","Scenario 2",78
"FR_14_84_1749","FR",14,84,1749,"Doyenne","Scenario 2",25
"FR_14_84_1750","FR",14,84,1750,"Doyenne","Scenario 2",31
"FR_14_84_1751","FR",14,84,1751,"Doyenne","Scenario 2",100
"FR_15_85_1752","FR",15,85,1752,"Conference","Scenario 3",27
"FR_15_85_1753","FR",15,85,1753,"Conference","Scenario 3",40
"FR_15_85_1754","FR",15,85,1754,"Conference","Scenario 3",50
"FR_15_85_1755","FR",15,85,1755,"Conference","Scenario 3",44
"FR_15_85_1756","FR",15,85,1756,"Conference","Scenario 3",36
"FR_15_85_1757","FR",15,85,1757,"Conference","Scenario 3",68
"FR_15_85_1758","FR",15,85,1758,"Conference","Scenario 3",86
"FR_15_85_1759","FR",15,85,1759,"Conference","Scenario 3",75
"FR_15_85_1760","FR",15,85,1760,"Conference","Scenario 3",92
"FR_15_85_1761","FR",15,85,1761,"Conference","Scenario 3",62
"FR_15_85_1762","FR",15,85,1762,"Conference","Scenario 3",53
"FR_15_85_1763","FR",15,85,1763,"Conference","Scenario 3",68
"FR_15_85_1764","FR",15,85,1764,"Conference","Scenario 3",48
"FR_15_85_1765","FR",15,85,1765,"Conference","Scenario 3",75
"FR_15_85_1766","FR",15,85,1766,"Conference","Scenario 3",55
"FR_15_85_1767","FR",15,85,1767,"Conference","Scenario 3",84
"FR_15_85_1768","FR",15,85,1768,"Conference","Scenario 3",2
"FR_15_85_1769","FR",15,85,1769,"Conference","Scenario 3",68
"FR_15_85_1770","FR",15,85,1770,"Conference","Scenario 3",63
"FR_15_85_1771","FR",15,85,1771,"Conference","Scenario 3",27
"FR_15_85_1772","FR",15,85,1772,"Conference","Scenario 3",34
"FR_15_85_1773","FR",15,85,1773,"Conference","Scenario 3",1
"FR_15_85_1774","FR",15,85,1774,"Conference","Scenario 3",66
"FR_15_85_1775","FR",15,85,1775,"Conference","Scenario 3",77
"FR_15_85_1776","FR",15,85,1776,"Conference","Scenario 3",83
"FR_15_85_1777","FR",15,85,1777,"Conference","Scenario 3",7
"FR_15_85_1778","FR",15,85,1778,"Conference","Scenario 3",47
"FR_15_86_1779","FR",15,86,1779,"Doyenne","Scenario 3",39
"FR_15_86_1780","FR",15,86,1780,"Doyenne","Scenario 3",0
"FR_15_86_1781","FR",15,86,1781,"Doyenne","Scenario 3",55
"FR_15_86_1782","FR",15,86,1782,"Doyenne","Scenario 3",81
"FR_15_86_1783","FR",15,86,1783,"Doyenne","Scenario 3",13
"FR_15_86_1784","FR",15,86,1784,"Doyenne","Scenario 3",81
"FR_15_86_1785","FR",15,86,1785,"Doyenne","Scenario 3",27
"FR_15_86_1786","FR",15,86,1786,"Doyenne","Scenario 3",13
"FR_15_86_1787","FR",15,86,1787,"Doyenne","Scenario 3",83
"FR_15_86_1788","FR",15,86,1788,"Doyenne","Scenario 3",29
"FR_15_86_1789","FR",15,86,1789,"Doyenne","Scenario 3",9
"FR_15_86_1790","FR",15,86,1790,"Doyenne","Scenario 3",0
"FR_15_86_1791","FR",15,86,1791,"Doyenne","Scenario 3",36
"FR_15_86_1792","FR",15,86,1792,"Doyenne","Scenario 3",77
"FR_15_86_1793","FR",15,86,1793,"Doyenne","Scenario 3",36
"FR_15_86_1794","FR",15,86,1794,"Doyenne","Scenario 3",48
"FR_15_86_1795","FR",15,86,1795,"Doyenne","Scenario 3",43
"FR_15_86_1796","FR",15,86,1796,"Doyenne","Scenario 3",38
"FR_15_86_1797","FR",15,86,1797,"Doyenne","Scenario 3",13
"FR_15_86_1798","FR",15,86,1798,"Doyenne","Scenario 3",54
"FR_15_87_1799","FR",15,87,1799,"Conference","Scenario 3",16
"FR_15_87_1800","FR",15,87,1800,"Conference","Scenario 3",84
"FR_15_87_1801","FR",15,87,1801,"Conference","Scenario 3",11
"FR_15_87_1802","FR",15,87,1802,"Conference","Scenario 3",60
"FR_15_87_1803","FR",15,87,1803,"Conference","Scenario 3",78
"FR_15_87_1804","FR",15,87,1804,"Conference","Scenario 3",38
"FR_15_87_1805","FR",15,87,1805,"Conference","Scenario 3",32
"FR_15_87_1806","FR",15,87,1806,"Conference","Scenario 3",51
"FR_15_87_1807","FR",15,87,1807,"Conference","Scenario 3",64
"FR_15_87_1808","FR",15,87,1808,"Conference","Scenario 3",60
"FR_15_87_1809","FR",15,87,1809,"Conference","Scenario 3",65
"FR_15_87_1810","FR",15,87,1810,"Conference","Scenario 3",39
"FR_15_87_1811","FR",15,87,1811,"Conference","Scenario 3",44
"FR_15_87_1812","FR",15,87,1812,"Conference","Scenario 3",0
"FR_15_88_1813","FR",15,88,1813,"Doyenne","Scenario 3",56
"FR_15_88_1814","FR",15,88,1814,"Doyenne","Scenario 3",62
"FR_15_88_1815","FR",15,88,1815,"Doyenne","Scenario 3",40
"FR_15_88_1816","FR",15,88,1816,"Doyenne","Scenario 3",22
"FR_15_88_1817","FR",15,88,1817,"Doyenne","Scenario 3",18
"FR_15_88_1818","FR",15,88,1818,"Doyenne","Scenario 3",32
"FR_15_88_1819","FR",15,88,1819,"Doyenne","Scenario 3",74
"FR_15_88_1820","FR",15,88,1820,"Doyenne","Scenario 3",48
"FR_15_88_1821","FR",15,88,1821,"Doyenne","Scenario 3",31
"FR_15_88_1822","FR",15,88,1822,"Doyenne","Scenario 3",36
"FR_15_88_1823","FR",15,88,1823,"Doyenne","Scenario 3",52
"FR_15_88_1824","FR",15,88,1824,"Doyenne","Scenario 3",36
"FR_15_88_1825","FR",15,88,1825,"Doyenne","Scenario 3",53
"FR_15_88_1826","FR",15,88,1826,"Doyenne","Scenario 3",43
"FR_15_88_1827","FR",15,88,1827,"Doyenne","Scenario 3",2
"FR_15_88_1828","FR",15,88,1828,"Doyenne","Scenario 3",72
"FR_15_88_1829","FR",15,88,1829,"Doyenne","Scenario 3",93
"FR_15_89_1830","FR",15,89,1830,"Conference","Scenario 3",19
"FR_15_89_1831","FR",15,89,1831,"Conference","Scenario 3",70
"FR_15_89_1832","FR",15,89,1832,"Conference","Scenario 3",95
"FR_15_89_1833","FR",15,89,1833,"Conference","Scenario 3",54
"FR_15_89_1834","FR",15,89,1834,"Conference","Scenario 3",58
"FR_15_89_1835","FR",15,89,1835,"Conference","Scenario 3",80
"FR_15_89_1836","FR",15,89,1836,"Conference","Scenario 3",79
"FR_15_89_1837","FR",15,89,1837,"Conference","Scenario 3",31
"FR_15_89_1838","FR",15,89,1838,"Conference","Scenario 3",74
"FR_15_89_1839","FR",15,89,1839,"Conference","Scenario 3",77
"FR_15_89_1840","FR",15,89,1840,"Conference","Scenario 3",84
"FR_15_89_1841","FR",15,89,1841,"Conference","Scenario 3",32
"FR_15_89_1842","FR",15,89,1842,"Conference","Scenario 3",95
"FR_15_89_1843","FR",15,89,1843,"Conference","Scenario 3",57
"FR_15_89_1844","FR",15,89,1844,"Conference","Scenario 3",50
"FR_15_89_1845","FR",15,89,1845,"Conference","Scenario 3",26
"FR_15_89_1846","FR",15,89,1846,"Conference","Scenario 3",59
"FR_15_89_1847","FR",15,89,1847,"Conference","Scenario 3",11
"FR_15_89_1848","FR",15,89,1848,"Conference","Scenario 3",95
"FR_15_89_1849","FR",15,89,1849,"Conference","Scenario 3",85
"FR_15_89_1850","FR",15,89,1850,"Conference","Scenario 3",72
"FR_15_89_1851","FR",15,89,1851,"Conference","Scenario 3",100
"FR_15_89_1852","FR",15,89,1852,"Conference","Scenario 3",46
"FR_15_89_1853","FR",15,89,1853,"Conference","Scenario 3",50
"FR_15_89_1854","FR",15,89,1854,"Conference","Scenario 3",85
"FR_15_89_1855","FR",15,89,1855,"Conference","Scenario 3",100
"FR_15_89_1856","FR",15,89,1856,"Conference","Scenario 3",78
"FR_15_89_1857","FR",15,89,1857,"Conference","Scenario 3",86
"FR_15_89_1858","FR",15,89,1858,"Conference","Scenario 3",42
"FR_15_89_1859","FR",15,89,1859,"Conference","Scenario 3",81
"FR_15_89_1860","FR",15,89,1860,"Conference","Scenario 3",94
"FR_15_89_1861","FR",15,89,1861,"Conference","Scenario 3",49
"FR_15_90_1862","FR",15,90,1862,"Doyenne","Scenario 3",48
"FR_15_90_1863","FR",15,90,1863,"Doyenne","Scenario 3",74
"FR_15_90_1864","FR",15,90,1864,"Doyenne","Scenario 3",9
"FR_15_90_1865","FR",15,90,1865,"Doyenne","Scenario 3",4
"FR_15_90_1866","FR",15,90,1866,"Doyenne","Scenario 3",33
"FR_15_90_1867","FR",15,90,1867,"Doyenne","Scenario 3",92
"FR_15_90_1868","FR",15,90,1868,"Doyenne","Scenario 3",48
"FR_15_90_1869","FR",15,90,1869,"Doyenne","Scenario 3",63
"FR_15_90_1870","FR",15,90,1870,"Doyenne","Scenario 3",22
"FR_15_90_1871","FR",15,90,1871,"Doyenne","Scenario 3",25
"FR_15_90_1872","FR",15,90,1872,"Doyenne","Scenario 3",0
"FR_15_90_1873","FR",15,90,1873,"Doyenne","Scenario 3",45
"FR_15_90_1874","FR",15,90,1874,"Doyenne","Scenario 3",12
"FR_15_90_1875","FR",15,90,1875,"Doyenne","Scenario 3",38
"FR_15_90_1876","FR",15,90,1876,"Doyenne","Scenario 3",40
"FR_16_91_1877","FR",16,91,1877,"Conference","Scenario 4",47
"FR_16_91_1878","FR",16,91,1878,"Conference","Scenario 4",39
"FR_16_91_1879","FR",16,91,1879,"Conference","Scenario 4",55
"FR_16_91_1880","FR",16,91,1880,"Conference","Scenario 4",75
"FR_16_91_1881","FR",16,91,1881,"Conference","Scenario 4",8
"FR_16_91_1882","FR",16,91,1882,"Conference","Scenario 4",26
"FR_16_91_1883","FR",16,91,1883,"Conference","Scenario 4",40
"FR_16_91_1884","FR",16,91,1884,"Conference","Scenario 4",64
"FR_16_91_1885","FR",16,91,1885,"Conference","Scenario 4",42
"FR_16_91_1886","FR",16,91,1886,"Conference","Scenario 4",17
"FR_16_91_1887","FR",16,91,1887,"Conference","Scenario 4",14
"FR_16_91_1888","FR",16,91,1888,"Conference","Scenario 4",54
"FR_16_91_1889","FR",16,91,1889,"Conference","Scenario 4",20
"FR_16_91_1890","FR",16,91,1890,"Conference","Scenario 4",22
"FR_16_91_1891","FR",16,91,1891,"Conference","Scenario 4",78
"FR_16_92_1892","FR",16,92,1892,"Doyenne","Scenario 4",38
"FR_16_92_1893","FR",16,92,1893,"Doyenne","Scenario 4",59
"FR_16_92_1894","FR",16,92,1894,"Doyenne","Scenario 4",51
"FR_16_92_1895","FR",16,92,1895,"Doyenne","Scenario 4",31
"FR_16_92_1896","FR",16,92,1896,"Doyenne","Scenario 4",34
"FR_16_92_1897","FR",16,92,1897,"Doyenne","Scenario 4",31
"FR_16_92_1898","FR",16,92,1898,"Doyenne","Scenario 4",37
"FR_16_92_1899","FR",16,92,1899,"Doyenne","Scenario 4",32
"FR_16_93_1900","FR",16,93,1900,"Conference","Scenario 4",20
"FR_16_93_1901","FR",16,93,1901,"Conference","Scenario 4",61
"FR_16_93_1902","FR",16,93,1902,"Conference","Scenario 4",38
"FR_16_93_1903","FR",16,93,1903,"Conference","Scenario 4",74
"FR_16_93_1904","FR",16,93,1904,"Conference","Scenario 4",28
"FR_16_93_1905","FR",16,93,1905,"Conference","Scenario 4",42
"FR_16_93_1906","FR",16,93,1906,"Conference","Scenario 4",49
"FR_16_93_1907","FR",16,93,1907,"Conference","Scenario 4",100
"FR_16_93_1908","FR",16,93,1908,"Conference","Scenario 4",85
"FR_16_93_1909","FR",16,93,1909,"Conference","Scenario 4",80
"FR_16_93_1910","FR",16,93,1910,"Conference","Scenario 4",50
"FR_16_93_1911","FR",16,93,1911,"Conference","Scenario 4",41
"FR_16_93_1912","FR",16,93,1912,"Conference","Scenario 4",51
"FR_16_93_1913","FR",16,93,1913,"Conference","Scenario 4",48
"FR_16_93_1914","FR",16,93,1914,"Conference","Scenario 4",39
"FR_16_93_1915","FR",16,93,1915,"Conference","Scenario 4",94
"FR_16_94_1916","FR",16,94,1916,"Doyenne","Scenario 4",33
"FR_16_94_1917","FR",16,94,1917,"Doyenne","Scenario 4",34
"FR_16_94_1918","FR",16,94,1918,"Doyenne","Scenario 4",32
"FR_16_94_1919","FR",16,94,1919,"Doyenne","Scenario 4",92
"FR_16_94_1920","FR",16,94,1920,"Doyenne","Scenario 4",47
"FR_16_94_1921","FR",16,94,1921,"Doyenne","Scenario 4",17
"FR_16_94_1922","FR",16,94,1922,"Doyenne","Scenario 4",49
"FR_16_94_1923","FR",16,94,1923,"Doyenne","Scenario 4",67
"FR_16_94_1924","FR",16,94,1924,"Doyenne","Scenario 4",53
"FR_16_95_1925","FR",16,95,1925,"Conference","Scenario 4",50
"FR_16_95_1926","FR",16,95,1926,"Conference","Scenario 4",46
"FR_16_95_1927","FR",16,95,1927,"Conference","Scenario 4",31
"FR_16_95_1928","FR",16,95,1928,"Conference","Scenario 4",45
"FR_16_95_1929","FR",16,95,1929,"Conference","Scenario 4",71
"FR_16_95_1930","FR",16,95,1930,"Conference","Scenario 4",61
"FR_16_95_1931","FR",16,95,1931,"Conference","Scenario 4",32
"FR_16_95_1932","FR",16,95,1932,"Conference","Scenario 4",68
"FR_16_95_1933","FR",16,95,1933,"Conference","Scenario 4",34
"FR_16_95_1934","FR",16,95,1934,"Conference","Scenario 4",37
"FR_16_95_1935","FR",16,95,1935,"Conference","Scenario 4",0
"FR_16_96_1936","FR",16,96,1936,"Doyenne","Scenario 4",83
"FR_16_96_1937","FR",16,96,1937,"Doyenne","Scenario 4",0
"FR_16_96_1938","FR",16,96,1938,"Doyenne","Scenario 4",32
"FR_16_96_1939","FR",16,96,1939,"Doyenne","Scenario 4",69
"FR_16_96_1940","FR",16,96,1940,"Doyenne","Scenario 4",54
"FR_16_96_1941","FR",16,96,1941,"Doyenne","Scenario 4",29
"FR_16_96_1942","FR",16,96,1942,"Doyenne","Scenario 4",36
